{

  "type": "minecraft:chest",

  "pools": [

    {

      "rolls": {

        "min": 35,

        "max": 45

      },

      "bonus_rolls": 1,

      "entries": [

        {

          "type": "minecraft:item",

          "name": "minecraft:experience_bottle"

        }

      ]

    },

    {

      "rolls": {

        "min": 12.0,

        "max": 16.0

      },

      "bonus_rolls": 2,

      "entries": [

        {

          "type": "minecraft:loot_table",

          "weight": 400,

          "quality": 1,

          "name": "rpgloot:rare_items"

        },

        {

          "type": "minecraft:loot_table",

          "weight": 100,

          "quality": 3,

          "name": "rpgloot:veryrare_items"

        },

        {

          "type": "minecraft:loot_table",

          "weight": 10,

          "quality": 5,

          "name": "rpgloot:legendary_items"

        },

        {

          "type": "minecraft:item",

          "weight": 8,

          "quality": 5,

          "name": "minecraft:iron_shovel",

          "functions": [

            {

              "function": "minecraft:set_attributes",

              "modifiers": [

                {

                  "attribute": "minecraft:generic.attack_damage",

                  "name": "damage",

                  "amount": {

                    "min": 12,

                    "max": 16

                  },

                  "operation": "addition",

                  "slot": "mainhand"

                },

                {

                  "attribute": "minecraft:generic.attack_speed",

                  "name": "attackSpeed",

                  "amount": {

                    "min": -2.2,

                    "max": -1.6

                  },

                  "operation": "addition",

                  "slot": "mainhand"

                }

              ]

            },

            {

              "function": "minecraft:set_nbt",

              "tag": "{display:{Lore:['{\"text\":\"\"}','{\"text\":\"Legendario\",\"italic\":\"false\",\"color\":\"gold\"}','{\"text\":\"Huele a estofado humano.\",\"italic\":\"true\",\"color\":\"red\"}']}    }"

            },

            {

              "function": "minecraft:set_name",

              "name": {

                "text": "Cuchara cómicamente grande",

                "color": "red"

              }

            },

            {

              "function": "minecraft:set_nbt",

              "tag": "{Unbreakable:1}"

            },

            {

              "function": "minecraft:set_nbt",

              "tag": "{Age:-32768}"

            },

            {

              "function": "minecraft:enchant_randomly",

              "enchantments": [

                "minecraft:silk_touch",

                "minecraft:fortune"

              ]

            },

            {

              "function": "minecraft:set_nbt",

              "tag": "{Enchantments:[{id:efficiency,lvl:8}]}"

            }

          ]

        },

        {

          "type": "minecraft:item",

          "name": "minecraft:totem_of_undying",

          "weight": 8,

          "quality": 5,

          "functions": [

            {

              "function": "set_attributes",

              "modifiers": [

                 {

                  "name": "maxhealth",

                  "attribute": "generic.max_health",

                  "operation": "addition",

                  "slot": "offhand",

                  "amount": {

                    "min": 3.0,

                    "max": 8.0,

                    "type": "minecraft:uniform"

                  }

                 },						  

                 {

                  "name": "luck",

                  "attribute": "generic.luck",

                  "operation": "addition",

                  "slot": "offhand",

                  "amount": {

                    "min": 0.5,

                    "max": 1,

                    "type": "minecraft:uniform"

                  }

                 }

              ]

            },

            {

              "function": "set_nbt",

              "tag": "{display:{Lore:['{\"text\":\"\"}','{\"text\":\"Legendario\",\"italic\":\"false\",\"color\":\"gold\"}','{\"text\":\"El arpa del gigante Blunderbore\",\"italic\":\"true\",\"color\":\"gray\"}','{\"text\":\"Habilidad: Regeneración I Aura (8 Bloques)\",\"italic\":\"false\",\"color\":\"gray\"}']}    }"

            },

            {

              "function": "minecraft:set_name",

              "name": {

              "text": "El Arpa Dorada",

              "color": "red"

              }

            },

              {

              "function": "set_nbt",

              "tag": "{regenerationaura:1}"

            },

            {

              "function": "set_nbt",

              "tag": "{Unbreakable:1}"

            },

            {

              "function": "set_nbt",

              "tag": "{Age:-32768}"

            }

          ]

        }

      ],

      "conditions": [

        {

          "condition": "minecraft:alternative",

          "terms": [

            {

              "condition": "minecraft:killed_by_player"

            }

          ]

        }

      ]

    }

  ]

}

