{
  "type": "minecraft:chest",
  "pools": [
    {
      "rolls": {
        "min": 14.0,
        "max": 16.0,
        "type": "minecraft:uniform"
      },
	  "bonus_rolls": {
        "min": 0.0,
        "max": 1.0,
        "type": "minecraft:uniform"
		},
      "entries": [
        {
          "type": "minecraft:item",
          "weight": 3,
		  "quality": 1,
          "functions": [
            {
              "function": "minecraft:set_count",
              "count": {
                "min": 1.0,
                "max": 1.0,
                "type": "minecraft:uniform"
              }
            }
          ],
          "name": "minecraft:experience_bottle"
        }
      ]
    },
		{
        "rolls": {
        "min": 4.0,
        "max": 6.0,
        "type": "minecraft:uniform"
		},
		"bonus_rolls": {
        "min": 0.0,
        "max": 1.0,
        "type": "minecraft:uniform"
		},
		"conditions": [
                {
                    "condition": "killed_by_player"
                }
            ],
            "entries": [
{
                    "type": "minecraft:loot_table",
                    "name": "rpgloot:rare_items",
                    "weight": 400,
					"quality": 1 
             },
			 {
                    "type": "minecraft:loot_table",
                    "name": "rpgloot:veryrare_items",
                    "weight": 100,
					"quality": 3 
             },
			 {
                    "type": "minecraft:loot_table",
                    "name": "rpgloot:legendary_items",
                    "weight": 10,
					"quality": 5 
             },
				{
                    "type": "minecraft:item",
                    "name": "minecraft:iron_sword",
                    "weight": 1,
					"quality": 5,
                    "functions": [
                        {
                            "function": "set_attributes",
                            "modifiers": [
                               {
                                  "name": "damage",
                                  "attribute": "generic.attack_damage",
                                  "operation": "addition",
                                  "slot": "mainhand",
                                  "amount": {
                                      "min": 8.2,
                                      "max": 10.0,
                                      "type": "minecraft:uniform"
                                  }
                               },
                               {
                                  "name": "attackSpeed",
                                  "attribute": "generic.attack_speed",
                                  "operation": "addition",
                                  "slot": "mainhand",
                                  "amount": {
                                      "min": -1.92,
                                      "max": -1.20,
                                      "type": "minecraft:uniform"
                                  }
                               }
                            ]
                        },
                        {
                            "function": "set_nbt",
                            "tag": "{display:{Lore:['{\"text\":\"\"}','{\"text\":\"Legendario\",\"italic\":\"false\",\"color\":\"gold\"}','{\"text\":\"Una espada de hierro forjada en las tierras del norte..\",\"italic\":\"true\",\"color\":\"gray\"}']}}"
                        },
						{
							"function": "minecraft:set_name",
							"name": {
							"text": "Espada de los Vikingos",
							"color": "gold"
							}
						},
						{
                            "function": "set_nbt",
                            "tag": "{Unbreakable:1}"
                        },
						{
                            "function": "set_nbt",
                            "tag": "{Age:-32768}"
                        },
						{
								"function": "set_nbt",
								"tag": "{Enchantments:[{id:looting,lvl:5}]}"
                        },
                        {
                            "function": "enchant_with_levels",
                            "treasure": true,
                            "levels": {
                                "min": 40,
                                "max": 64,
                                "type": "minecraft:uniform"
                            }
                        }
                    ]
                },
			{
                    "type": "minecraft:item",
                    "name": "minecraft:diamond_axe",
                    "weight": 1,
					"quality": 5,
                    "functions": [
                        {
                            "function": "set_attributes",
                            "modifiers": [
                               {
                                  "name": "damage",
                                  "attribute": "generic.attack_damage",
                                  "operation": "addition",
                                  "slot": "mainhand",
                                  "amount": {
                                      "min": 16.0,
                                      "max": 20.0,
                                      "type": "minecraft:uniform"
                                  }
                               },
                               {
                                  "name": "attackSpeed",
                                  "attribute": "generic.attack_speed",
                                  "operation": "addition",
                                  "slot": "mainhand",
                                  "amount": {
                                      "min": -2.8,
                                      "max": -2.5,
                                      "type": "minecraft:uniform"
                                  }
                               }
                            ]
                        },
                        {
                            "function": "set_nbt",
                            "tag": "{display:{Lore:['{\"text\":\"\"}','{\"text\":\"Legendario\",\"italic\":\"false\",\"color\":\"gold\"}','{\"text\":\"Un hacha que ha probado la sangre de muchos.\",\"italic\":\"true\",\"color\":\"gray\"}']}    }"
                        },
						{
							"function": "minecraft:set_name",
							"name": {
							"text": "Aguila de sangre",
							"color": "gold"
							}
						},
						{
                            "function": "set_nbt",
                            "tag": "{Unbreakable:1}"
                        },
						{
                            "function": "set_nbt",
                            "tag": "{Age:-32768}"
                        },
                        {
                            "function": "enchant_with_levels",
                            "treasure": true,
                            "levels": {
                                "min": 10,
                                "max": 28,
                                "type": "minecraft:uniform"
                            }
                        }
                    ]
                },
				{
                    "type": "minecraft:item",
                    "name": "minecraft:chainmail_chestplate",
                    "weight": 1,
					"quality": 5,
                    "functions": [
                        {
                            "function": "set_attributes",
                            "modifiers": [
                               {
                                  "name": "armor",
                                  "attribute": "generic.armor",
                                  "operation": "addition",
                                  "slot": "chest",
                                  "amount": {
                                      "min": 6.0,
                                      "max": 8.5,
                                      "type": "minecraft:uniform"
                                  }
                               },
                               {
                                  "name": "toughness",
                                  "attribute": "generic.armor_toughness",
                                  "operation": "addition",
                                  "slot": "chest",
                                  "amount": {
                                      "min": 0.0,
                                      "max": 3.0,
                                      "type": "minecraft:uniform"
                                  }
                               },
							   {
                                  "name": "maxhealth",
                                  "attribute": "generic.max_health",
                                  "operation": "addition",
                                  "slot": "chest",
                                  "amount": {
                                      "min": 0.0,
                                      "max": 12.0,
                                      "type": "minecraft:uniform"
                                  }
                               },
							   {
                                  "name": "attackdamage",
                                  "attribute": "generic.attack_damage",
                                  "operation": "addition",
                                  "slot": "chest",
                                  "amount": {
                                      "min": 0.0,
                                      "max": 2.00,
                                      "type": "minecraft:uniform"
                                  }
                               },
							   {
                                  "name": "attackspeed",
                                  "attribute": "generic.attack_speed",
                                  "operation": "addition",
                                  "slot": "chest",
                                  "amount": {
                                      "min": 0.0,
                                      "max": 0.10,
                                      "type": "minecraft:uniform"
                                  }
                               },							  
							   {
                                  "name": "luck",
                                  "attribute": "generic.luck",
                                  "operation": "addition",
                                  "slot": "chest",
                                  "amount": {
                                      "min": 0.0,
                                      "max": 0.5,
                                      "type": "minecraft:uniform"
                                  }
                               }
                            ]
                        },
                        {
                            "function": "set_nbt",
                            "tag": "{display:{Lore:['{\"text\":\"\"}','{\"text\":\"Legendario\",\"italic\":\"false\",\"color\":\"gold\"}','{\"text\":\"Cota de malla que una vez perteneció a un antiguo héroe. \",\"italic\":\"true\",\"color\":\"gray\"}','{\"text\":\"Habilidad: Gracia de delfines \",\"italic\":\"true\",\"color\":\"gray\"}']}    }"
                        },
						{
							"function": "minecraft:set_name",
							"name": {
							"text": "Camisote de Beowulf",
							"color": "gold"
							}
						},
						{
                            "function": "set_nbt",
                            "tag": "{beowulf:1}"
                        },
						{
                            "function": "set_nbt",
                            "tag": "{Unbreakable:1}"
                        },
						{
                            "function": "set_nbt",
                            "tag": "{Age:-32768}"
                        },
						{
								"function": "set_nbt",
								"tag": "{Enchantments:[{id:fire_protection,lvl:5}]}"
                        },
						{
								"function": "set_nbt",
								"tag": "{Enchantments:[{id:respiration,lvl:1}]}"
                        },
                        {
                            "function": "enchant_with_levels",
                            "treasure": true,
                            "levels": {
                                "min": 40,
                                "max": 64,
                                "type": "minecraft:uniform"
                            }
                        }
                    ]
                },
				{
                    "type": "minecraft:item",
                    "name": "minecraft:shield",
                    "weight": 1,
					"quality": 5,
                    "functions": [
                        {
                            "function": "set_attributes",
                            "modifiers": [
                               {
                                  "name": "armor",
                                  "attribute": "generic.armor",
                                  "operation": "addition",
                                  "slot": "offhand",
                                  "amount": {
                                      "min": 1.0,
                                      "max": 4.0,
                                      "type": "minecraft:uniform"
                                  }
                               },
							   {
                                  "name": "armortoughness",
                                  "attribute": "generic.armor_toughness",
                                  "operation": "addition",
                                  "slot": "offhand",
                                  "amount": {
                                      "min": 1.0,
                                      "max": 6.0,
                                      "type": "minecraft:uniform"
                                  }
                               },
							   {
                                  "name": "knockbackResistance",
                                  "attribute": "generic.knockback_resistance",
                                  "operation": "addition",
                                  "slot": "offhand",
                                  "amount": {
                                      "min": 0.0,
                                      "max": 0.3,
                                      "type": "minecraft:uniform"
                                  }
                               },
							   {
                                  "name": "maxHealth",
                                  "attribute": "generic.max_health",
                                  "operation": "addition",
                                  "slot": "offhand",
                                  "amount": {
                                      "min": 0.0,
                                      "max": 4.0,
                                      "type": "minecraft:uniform"
                                  }
                               },
							   {
                                  "name": "attackdamage",
                                  "attribute": "generic.attack_damage",
                                  "operation": "addition",
                                  "slot": "offhand",
                                  "amount": {
                                      "min": 0.0,
                                      "max": 4.0,
                                      "type": "minecraft:uniform"
                                  }
                               },
							   {
                                  "name": "attackspeed",
                                  "attribute": "generic.attack_speed",
                                  "operation": "addition",
                                  "slot": "offhand",
                                  "amount": {
                                      "min": 0.0,
                                      "max": 0.10,
                                      "type": "minecraft:uniform"
                                  }
                               },							  
							   {
                                  "name": "luck",
                                  "attribute": "generic.luck",
                                  "operation": "addition",
                                  "slot": "offhand",
                                  "amount": {
                                      "min": 0.0,
                                      "max": 0.5,
                                      "type": "minecraft:uniform"
                                  }
                               }
                            ]
                        },
                        {
                            "function": "set_nbt",
                            "tag": "{display:{Lore:['{\"text\":\"\"}','{\"text\":\"Legendario\",\"italic\":\"false\",\"color\":\"gold\"}','{\"text\":\"Escudo que ha defendido a muchos asaltos a lo largo de los siglos.\",\"italic\":\"true\",\"color\":\"gray\"}']}    }"
                        },
						{
							"function": "minecraft:set_name",
							"name": {
							"text": "Escudo de poder",
							"color": "gold"
							}
						},
						{
                            "function": "set_nbt",
                            "tag": "{Unbreakable:1}"
                        },
						{
                            "function": "set_nbt",
                            "tag": "{Age:-32768}"
                        }
                    ]
                }
				
				

      ]
    }
		]
			}