{
  "type": "minecraft:chest",
  "pools": [
    {
      "rolls": {
        "min": 14.0,
        "max": 16.0,
        "type": "minecraft:uniform"
      },
	  "bonus_rolls": {
        "min": 0.0,
        "max": 1.0,
        "type": "minecraft:uniform"
		},
      "entries": [
        {
          "type": "minecraft:item",
          "weight": 3,
		  "quality": 1,
          "functions": [
            {
              "function": "minecraft:set_count",
              "count": {
                "min": 1.0,
                "max": 1.0,
                "type": "minecraft:uniform"
              }
            }
          ],
          "name": "minecraft:experience_bottle"
        }
      ]
    },
		{
        "rolls": {
        "min": 4.0,
        "max": 6.0,
        "type": "minecraft:uniform"
		},
		"bonus_rolls": {
        "min": 0.0,
        "max": 1.0,
        "type": "minecraft:uniform"
		},
		"conditions": [
                {
                    "condition": "killed_by_player"
                }
            ],
            "entries": [
{
                    "type": "minecraft:loot_table",
                    "name": "rpgloot:rare_items",
                    "weight": 400,
					"quality": 1 
             },
			 {
                    "type": "minecraft:loot_table",
                    "name": "rpgloot:veryrare_items",
                    "weight": 100,
					"quality": 3 
             },
			 {
                    "type": "minecraft:loot_table",
                    "name": "rpgloot:legendary_items",
                    "weight": 10,
					"quality": 5 
             },
				{
                    "type": "minecraft:item",
                    "name": "minecraft:netherite_sword",
                    "weight": 10,
	   	            "quality": 1,
                    "functions": [
                        {
                            "function": "set_attributes",
                            "modifiers": [
                               {
                                  "name": "damage",
                                  "attribute": "generic.attack_damage",
                                  "operation": "addition",
                                  "slot": "mainhand",
                                  "amount": {
                                      "min": 8.0,
                                      "max": 10.0,
                                      "type": "minecraft:uniform"
                                  }
                               },
                               {
                                  "name": "attackSpeed",
                                  "attribute": "generic.attack_speed",
                                  "operation": "addition",
                                  "slot": "mainhand",
                                  "amount": {
                                      "min": -1.8,
                                      "max": -1.0,
                                      "type": "minecraft:uniform"
                                  }
                               }
                            ]
                        },
                        {
                            "function": "set_nbt",
                            "tag": "{display:{Lore:['{\"text\":\"\"}','{\"text\":\"Legendario\",\"italic\":\"false\",\"color\":\"gold\"}','{\"text\":\"Espada que una vez empuñó el asesino de demonios.\",\"italic\":\"true\",\"color\":\"red\"}']}    }"
                        
                        },
						{
							"function": "minecraft:set_name",
							"name": {
							"text": "El Crisol",
							"color": "dark_red"
							}
						},
						{
							"function": "set_nbt",
							"tag": "{Enchantments:[{id:looting,lvl:4},{id:sharpness,lvl:10},{id:smite,lvl:10},{id:fire_aspect,lvl:2}]}"
                        },
						{
                            "function": "set_nbt",
                            "tag": "{Unbreakable:1}"
                        },
						{
                            "function": "set_nbt",
                            "tag": "{Age:-32768}"
                        }
                    ]
                },
				{
                    "type": "minecraft:item",
                    "name": "minecraft:bow",
                    "weight": 10,
					"quality": 5,
                    "functions": [
                        
                        {
                            "function": "set_nbt",
                            "tag": "{display:{Lore:['{\"text\":\"\"}','{\"text\":\"Legendario\",\"italic\":\"false\",\"color\":\"gold\"}','{\"text\":\"Un arco de tal fuerza que\",\"italic\":\"true\",\"color\":\"gray\"}','{\"text\":\"pocos guerreros son capaces de sostenerlo.\",\"italic\":\"false\",\"color\":\"gray\"}','{\"text\":\"Ability: Strength I Aura when Held\",\"italic\":\"false\",\"color\":\"gray\"}']}    }"
                        },
						{
							"function": "minecraft:set_name",
							"name": {
							"text": "Fin de las odiseas",
							"color": "gold"
							}
						},
						{
                            "function": "set_nbt",
                            "tag": "{odyssey:1}"
                        },
						{
                            "function": "set_nbt",
                            "tag": "{Unbreakable:1}"
                        },
						{
                            "function": "set_nbt",
                            "tag": "{Age:-32768}"
                        },
						{
							"function": "set_nbt",
							"tag": "{Enchantments:[{id:power,lvl:8},{id:punch,lvl:5}]}"
                        }
                    ]
                }
                    
				
				

      ]
    }
		]
			}