{
  "type": "minecraft:chest",
  "pools": [
	
		{
        "rolls": {
        "min": 1.0,
        "max": 1.0,
        "type": "minecraft:uniform"
		},
            "entries": [ 
			{
                    "type": "minecraft:item",
                    "name": "minecraft:potion",
                    "weight": 40,
					"quality": 0,
                    "functions": [
                        
                        {
                            "function": "set_nbt",
                            "tag": "{display:{Lore:['{\"text\":\"\"}','{\"text\":\"Raro\",\"italic\":\"false\",\"color\":\"blue\"}','{\"text\":\"\",\"italic\":\"true\",\"color\":\"green\"}']}    }"
                        },
						{
							"function": "minecraft:set_name",
							"name": {
							"text": "Poción de sanación superior",
							"color": "blue"
							}
						},
						{
                            "function": "set_nbt",
                            "tag": "{CustomPotionEffects:[{Id:6,Amplifier:9}],CustomPotionColor:16732759}"
                        },
						{
							"function": "minecraft:set_count",
							"count": {
								"min": 1.0,
								"max": 2.0,
								"type": "minecraft:uniform"
							}
						},	
						{
                            "function": "set_nbt",
                            "tag": "{Age:-32768}"
                        }
                    ]
                },
				{
                    "type": "minecraft:item",
                    "name": "minecraft:potion",
                    "weight": 40,
					"quality": 1,
                    "functions": [
                        
                        {
                            "function": "set_nbt",
                            "tag": "{display:{Lore:['{\"text\":\"\"}','{\"text\":\"Raro\",\"italic\":\"false\",\"color\":\"blue\"}','{\"text\":\"\",\"italic\":\"true\",\"color\":\"gray\"}']}    }"
                        },
						{
							"function": "minecraft:set_name",
							"name": {
							"text": "Poción de fuerza de gigante de la colina",
							"color": "blue"
							}
						},
						{
                            "function": "set_nbt",
                            "tag": "{CustomPotionEffects:[{Id:5,Amplifier:3,Duration:3000,ShowParticles:0b},{Id:17,Amplifier:0,Duration:3000,ShowParticles:0b},{Id:22,Amplifier:3,Duration:3000,ShowParticles:0b}],CustomPotionColor:8500059}"
                        },
						{
							"function": "minecraft:set_count",
							"count": {
								"min": 1.0,
								"max": 1.0,
								"type": "minecraft:uniform"
							}
						},	
						{
                            "function": "set_nbt",
                            "tag": "{Age:-32768}"
                        }
                    ]
                },
				{
                    "type": "minecraft:item",
                    "name": "minecraft:potion",
                    "weight": 40,
					"quality": 1,
                    "functions": [
                        
                        {
                            "function": "set_nbt",
                            "tag": "{display:{Lore:['{\"text\":\"\"}','{\"text\":\"Raro\",\"italic\":\"false\",\"color\":\"blue\"}','{\"text\":\"\",\"italic\":\"true\",\"color\":\"gray\"}']}    }"
                        },
						{
							"function": "minecraft:set_name",
							"name": {
							"text": "Poción de vitalidad menor",
							"color": "blue"
							}
						},
						{
                            "function": "set_nbt",
                            "tag": "{CustomPotionEffects:[{Id:6,Amplifier:4,Duration:20},{Id:10,Amplifier:0,Duration:2400}],CustomPotionColor:16711680}"
                        },
						{
							"function": "minecraft:set_count",
							"count": {
								"min": 1.0,
								"max": 1.0,
								"type": "minecraft:uniform"
							}
						},	
						{
                            "function": "set_nbt",
                            "tag": "{Age:-32768}"
                        }
                    ]
                },
				{
                    "type": "minecraft:item",
                    "name": "minecraft:potion",
                    "weight": 40,
					"quality": 1,
                    "functions": [
                        
                        {
                            "function": "set_nbt",
                            "tag": "{display:{Lore:['{\"text\":\"\"}','{\"text\":\"Raro\",\"italic\":\"false\",\"color\":\"blue\"}','{\"text\":\"\",\"italic\":\"true\",\"color\":\"gray\"}']}    }"
                        },
						{
							"function": "minecraft:set_name",
							"name": {
							"text": "Poción del zancudo nocturno",
							"color": "blue"
							}
						},
						{
                            "function": "set_nbt",
                            "tag": "{CustomPotionEffects:[{Id:14,Amplifier:0,Duration:2400},{Id:16,Amplifier:0,Duration:6000}],CustomPotionColor:3158364}"
                        },
						{
							"function": "minecraft:set_count",
							"count": {
								"min": 1.0,
								"max": 1.0,
								"type": "minecraft:uniform"
							}
						},	
						{
                            "function": "set_nbt",
                            "tag": "{Age:-32768}"
                        }
                    ]
                },
				{
                    "type": "minecraft:item",
                    "name": "minecraft:potion",
                    "weight": 40,
					"quality": 1,
                    "functions": [
                        
                        {
                            "function": "set_nbt",
                            "tag": "{display:{Lore:['{\"text\":\"\"}','{\"text\":\"Raro\",\"italic\":\"false\",\"color\":\"blue\"}','{\"text\":\"\",\"italic\":\"true\",\"color\":\"green\"}']}    }"
                        },
						{
							"function": "minecraft:set_name",
							"name": {
							"text": "Poción de piel de obsidiana",
							"color": "blue"
							}
						},
						{
                            "function": "set_nbt",
                            "tag": "{CustomPotionEffects:[{Id:12,Amplifier:0,Duration:6000},{Id:11,Amplifier:0,Duration:6000}],CustomPotionColor:7675765}"
                        },
						{
							"function": "minecraft:set_count",
							"count": {
								"min": 1.0,
								"max": 2.0,
								"type": "minecraft:uniform"
							}
						},	
						{
                            "function": "set_nbt",
                            "tag": "{Age:-32768}"
                        }
                    ]
                },
				{
                    "type": "minecraft:item",
                    "name": "minecraft:splash_potion",
                    "weight": 40,
					"quality": 1,
                    "functions": [
                        
                        {
                            "function": "set_nbt",
                            "tag": "{display:{Lore:['{\"text\":\"\"}','{\"text\":\"Raro\",\"italic\":\"false\",\"color\":\"blue\"}','{\"text\":\"\",\"italic\":\"true\",\"color\":\"gray\"}']}    }"
                        },
						{
							"function": "minecraft:set_name",
							"name": {
							"text": "Poción de salpicadura de vitalidad",
							"color": "blue"
							}
						},
						{
                            "function": "set_nbt",
                            "tag": "{CustomPotionEffects:[{Id:6,Amplifier:4},{Id:10,Duration:2400}],CustomPotionColor:16122059}"
                        },
						{
							"function": "minecraft:set_count",
							"count": {
								"min": 1.0,
								"max": 1.0,
								"type": "minecraft:uniform"
							}
						},	
						{
                            "function": "set_nbt",
                            "tag": "{Age:-32768}"
                        }
                    ]
                },
				{
                    "type": "minecraft:item",
                    "name": "minecraft:splash_potion",
                    "weight": 40,
					"quality": 1,
                    "functions": [
                        
                        {
                            "function": "set_nbt",
                            "tag": "{display:{Lore:['{\"text\":\"\"}','{\"text\":\"Raro\",\"italic\":\"false\",\"color\":\"blue\"}','{\"text\":\"\",\"italic\":\"true\",\"color\":\"gray\"}']}    }"
                        },
						{
							"function": "minecraft:set_name",
							"name": {
							"text": "Poción de salpicadura de congelación",
							"color": "blue"
							}
						},
						{
                            "function": "set_nbt",
                            "tag": "{CustomPotionEffects:[{Id:2,Amplifier:5,Duration:200}],CustomPotionColor:1756671}"
                        },
						{
							"function": "minecraft:set_count",
							"count": {
								"min": 1.0,
								"max": 1.0,
								"type": "minecraft:uniform"
							}
						},	
						{
                            "function": "set_nbt",
                            "tag": "{Age:-32768}"
                        }
                    ]
                },
				{
                    "type": "minecraft:item",
                    "name": "minecraft:potion",
                    "weight": 40,
					"quality": 1,
                    "functions": [
                        
                        {
                            "function": "set_nbt",
                            "tag": "{display:{Lore:['{\"text\":\"\"}','{\"text\":\"Raro\",\"italic\":\"false\",\"color\":\"blue\"}','{\"text\":\"\",\"italic\":\"true\",\"color\":\"green\"}']}    }"
                        },
						{
							"function": "minecraft:set_name",
							"name": {
							"text": "Poción infatigable",
							"color": "blue"
							}
						},
						{
                            "function": "set_nbt",
                            "tag": "{CustomPotionEffects:[{Id:10,Duration:2400},{Id:23,Amplifier:4}],CustomPotionColor:11206405}"
                        },
						{
							"function": "minecraft:set_count",
							"count": {
								"min": 1.0,
								"max": 2.0,
								"type": "minecraft:uniform"
							}
						},	
						{
                            "function": "set_nbt",
                            "tag": "{Age:-32768}"
                        }
                    ]
                }
      ]
    }
		]
			}