{
  "type": "minecraft:chest",
  "pools": [
		{
      "rolls": {
        "min": 0.0,
        "max": 2.0,
        "type": "minecraft:uniform"
      },
	  "bonus_rolls": {
        "min": 0.0,
        "max": 1.0,
        "type": "minecraft:uniform"
		},
      "entries": [
        {
          "type": "minecraft:item",
          "weight": 3,
		  "quality": 1,
          "functions": [
            {
              "function": "minecraft:set_count",
              "count": {
                "min": 1.0,
                "max": 1.0,
                "type": "minecraft:uniform"
              }
            }
          ],
          "name": "minecraft:experience_bottle"
        }
      ]
    },
	{
      "rolls": {
        "min": 2.0,
        "max": 4.0,
        "type": "minecraft:uniform"
      },
	  "bonus_rolls": {
        "min": 0.0,
        "max": 1.0,
        "type": "minecraft:uniform"
		},
      "entries": [
        {
          "type": "minecraft:item",
          "weight": 25,
		  "quality": 1,
          "functions": [
            {
              "function": "minecraft:set_count",
              "count": {
                "min": 0.0,
                "max": 2.0,
                "type": "minecraft:uniform"
              }
            }
          ],
          "name": "minecraft:iron_ingot"
        },
		{
          "type": "minecraft:item",
          "weight": 25,
		  "quality": 0.25,
          "functions": [
            {
              "function": "minecraft:set_count",
              "count": {
                "min": 0.0,
                "max": 5.0,
                "type": "minecraft:uniform"
              }
            }
          ],
          "name": "minecraft:gold_nugget"
        },
		{
          "type": "minecraft:item",
          "weight": 3,
		  "quality": 1,
          "functions": [
            {
              "function": "minecraft:set_count",
              "count": {
                "min": 0.0,
                "max": 1.0,
                "type": "minecraft:uniform"
              }
            }
          ],
          "name": "minecraft:emerald"
        },
      
	{
          "type": "minecraft:item",
          "weight": 200,
		  "quality": 0,
          "functions": [
            {
              "function": "minecraft:set_count",
              "count": {
                "min": 0.0,
                "max": 3.0,
                "type": "minecraft:uniform"
              }
            }
          ],
          "name": "minecraft:bone"
        },
		{
          "type": "minecraft:item",
          "weight": 200,
		  "quality": 0,
          "functions": [
            {
              "function": "minecraft:set_count",
              "count": {
                "min": 0.0,
                "max": 3.0,
                "type": "minecraft:uniform"
              }
            }
          ],
          "name": "minecraft:arrow"
        }
		]
    },
	
		{
        "rolls": {
        "min": 0.0,
        "max": 2.0,
        "type": "minecraft:uniform"
		},
		"bonus_rolls": {
        "min": 0.0,
        "max": 1.0,
        "type": "minecraft:uniform"
		},
		"conditions": [
                {
                    "condition": "killed_by_player"
                }
            ],
            "entries": [
			 {
                    "type": "minecraft:loot_table",
                    "name": "rpgloot:uncommon_items",
                    "weight": 300,
					"quality": 1 
             },
			 {
                    "type": "minecraft:loot_table",
                    "name": "rpgloot:rare_items",
                    "weight": 40,
					"quality": 3 
             },
			 {
                    "type": "minecraft:loot_table",
                    "name": "rpgloot:veryrare_items",
                    "weight": 10,
					"quality": 5 
             }
				

      ]
    }
		]
			}