{
  "type": "minecraft:chest",
  "pools": [
    {
      "rolls": {
        "min": 35.0,
        "max": 45.0,
        "type": "minecraft:uniform"
      },
	  "bonus_rolls": {
        "min": 0.0,
        "max": 1.0,
        "type": "minecraft:uniform"
		},
      "entries": [
        {
          "type": "minecraft:item",
          "weight": 3,
		  "quality": 1,
          "functions": [
            {
              "function": "minecraft:set_count",
              "count": {
                "min": 1.0,
                "max": 1.0,
                "type": "minecraft:uniform"
              }
            }
          ],
          "name": "minecraft:experience_bottle"
        }
      ]
    },
		{
        "rolls": {
        "min": 12.0,
        "max": 16.0,
        "type": "minecraft:uniform"
		},
		"bonus_rolls": {
        "min": 0.0,
        "max": 2.0,
        "type": "minecraft:uniform"
		},
		"conditions": [
                {
                    "condition": "killed_by_player"
                }
            ],
            "entries": [
{
                    "type": "minecraft:loot_table",
                    "name": "rpgloot:rare_items",
                    "weight": 400,
					"quality": 1 
             },
			 {
                    "type": "minecraft:loot_table",
                    "name": "rpgloot:veryrare_items",
                    "weight": 100,
					"quality": 3 
             },
			 {
                    "type": "minecraft:loot_table",
                    "name": "rpgloot:legendary_items",
                    "weight": 10,
					"quality": 5 
             },
				
				{
                    "type": "minecraft:item",
                    "name": "minecraft:elytra",
                    "weight": 25,
					"quality": 1,
                    "functions": [
                        {
                            "function": "set_attributes",
                            "modifiers": [
                               {
                                  "name": "armor",
                                  "attribute": "generic.armor",
                                  "operation": "addition",
                                  "slot": "chest",
                                  "amount": {
                                      "min": 4.0,
                                      "max": 8.0,
                                      "type": "minecraft:uniform"
                                  }
                               },
							   {
                                  "name": "maxhealth",
                                  "attribute": "generic.max_health",
                                  "operation": "addition",
                                  "slot": "chest",
                                  "amount": {
                                      "min": 0.0,
                                      "max": 4.0,
                                      "type": "minecraft:uniform"
                                  }
                               },
							   {
                                  "name": "attackdamage",
                                  "attribute": "generic.attack_damage",
                                  "operation": "addition",
                                  "slot": "chest",
                                  "amount": {
                                      "min": 0.0,
                                      "max": 2.00,
                                      "type": "minecraft:uniform"
                                  }
                               },
							   {
                                  "name": "attackspeed",
                                  "attribute": "generic.attack_speed",
                                  "operation": "addition",
                                  "slot": "chest",
                                  "amount": {
                                      "min": 0.0,
                                      "max": 0.10,
                                      "type": "minecraft:uniform"
                                  }
                               },						  
							   {
                                  "name": "luck",
                                  "attribute": "generic.luck",
                                  "operation": "addition",
                                  "slot": "chest",
                                  "amount": {
                                      "min": 0.0,
                                      "max": 0.5,
                                      "type": "minecraft:uniform"
                                  }
                               }
                            ]
                        },
                        {
                            "function": "set_nbt",
                            "tag": "{display:{Lore:['{\"text\":\"\"}','{\"text\":\"Legendario\",\"italic\":\"false\",\"color\":\"gold\"}','{\"text\":\"Disfruta de su presencia.\",\"italic\":\"true\",\"color\":\"gray\"}','{\"text\":\"Habilidad: Velocidad I\",\"italic\":\"false\",\"color\":\"gray\"}']}    }"
                        },
						{
							"function": "minecraft:set_name",
							"name": {
							"text": "Aspecto del terror",
							"color": "dark_gray"
							}
						},
						{
                            "function": "set_nbt",
                            "tag": "{aspectofterror:1}"
                        },
						{
                            "function": "set_nbt",
                            "tag": "{Unbreakable:1}"
                        }
                    ]
                },
				{
                    "type": "minecraft:item",
                    "name": "minecraft:leather_helmet",
                    "weight": 25,
					"quality": 1,
                    "functions": [
                        {
                            "function": "set_attributes",
                            "modifiers": [
                               {
                                  "name": "armor",
                                  "attribute": "generic.armor",
                                  "operation": "addition",
                                  "slot": "head",
                                  "amount": {
                                      "min": 1.2,
                                      "max": 1.5,
                                      "type": "minecraft:uniform"
                                  }
                               },
							   {
                                  "name": "movementspeed",
                                  "attribute": "generic.movement_speed",
                                  "operation": "multiply_base",
                                  "slot": "head",
                                  "amount": {
                                      "min": 0.0,
                                      "max": 0.20,
                                      "type": "minecraft:uniform"
                                  }
                               },
							   {
                                  "name": "maxhealth",
                                  "attribute": "generic.max_health",
                                  "operation": "addition",
                                  "slot": "head",
                                  "amount": {
                                      "min": 0.0,
                                      "max": 8.0,
                                      "type": "minecraft:uniform"
                                  }
                               },
							   {
                                  "name": "attackdamage",
                                  "attribute": "generic.attack_damage",
                                  "operation": "addition",
                                  "slot": "head",
                                  "amount": {
                                      "min": 0.0,
                                      "max": 2.00,
                                      "type": "minecraft:uniform"
                                  }
                               },
							   {
                                  "name": "attackspeed",
                                  "attribute": "generic.attack_speed",
                                  "operation": "addition",
                                  "slot": "head",
                                  "amount": {
                                      "min": 0.0,
                                      "max": 0.20,
                                      "type": "minecraft:uniform"
                                  }
                               },						  
							   {
                                  "name": "luck",
                                  "attribute": "generic.luck",
                                  "operation": "addition",
                                  "slot": "head",
                                  "amount": {
                                      "min": 0.0,
                                      "max": 0.5,
                                      "type": "minecraft:uniform"
                                  }
                               }
                            ]
                        },
                        {
                            "function": "set_nbt",
                            "tag": "{display:{Lore:['{\"text\":\"\"}','{\"text\":\"Legendario\",\"italic\":\"false\",\"color\":\"gold\"}','{\"text\":\"La oscuridad llama...\",\"italic\":\"true\",\"color\":\"gray\"}','{\"text\":\"Habilidad: Vision Nocturna\",\"italic\":\"false\",\"color\":\"gray\"}']}    }"
                        },
						{
							"function": "minecraft:set_name",
							"name": {
							"text": "Pesadilla",
							"color": "dark_gray"
							}
						},
						{
                            "function": "set_nbt",
                            "tag": "{nightmare:1}"
                        },
						{
                            "function": "set_nbt",
                            "tag": "{display:{color:0}}"
                        },
						{
                            "function": "set_nbt",
                            "tag": "{Unbreakable:1}"
                        },
						{
                            "function": "set_nbt",
                            "tag": "{Age:-32768}"
                        },
                        {
                            "function": "enchant_with_levels",
                            "treasure": true,
                            "levels": {
                                "min": 45,
                                "max": 64,
                                "type": "minecraft:uniform"
                            }
                        }
                    ]
                },
				{
                    "type": "minecraft:item",
                    "name": "minecraft:clock",
                    "weight": 25,
					"quality": 1,
                    "functions": [
                        {
                            "function": "set_attributes",
                            "modifiers": [
                               {
                                  "name": "movementspeed",
                                  "attribute": "generic.movement_speed",
                                  "operation": "multiply_base",
                                  "slot": "offhand",
                                  "amount": {
                                      "min": 0.05,
                                      "max": 0.20,
                                      "type": "minecraft:uniform"
                                  }
                               },
							
								{
                                  "name": "attackspeed",
                                  "attribute": "generic.attack_speed",
                                  "operation": "addition",
                                  "slot": "offhand",
                                  "amount": {
                                      "min": 0.20,
                                      "max": 0.40,
                                      "type": "minecraft:uniform"
                                  }
                               }						   
                            ]
                        },
                        {
                            "function": "set_nbt",
                            "tag": "{display:{Lore:['{\"text\":\"\"}','{\"text\":\"Legendario\",\"italic\":\"false\",\"color\":\"gold\"}','{\"text\":\"El que pueda ver el futuro\",\"italic\":\"true\",\"color\":\"gray\"}','{\"text\":\"esta destinado a cambiarlo.\",\"italic\":\"true\",\"color\":\"gray\"}']}    }"
                        },
						{
							"function": "minecraft:set_name",
							"name": {
							"text": "Ojo De Chronos",
							"color": "gold"
							}
						}
                    ]
                }
				
				
				

      ]
    }
		]
			}