{
  "type": "minecraft:chest",
  "pools": [
    
		{
        "rolls": {
        "min": 1.0,
        "max": 3.0,
        "type": "minecraft:uniform"
		},
		"bonus_rolls": {
        "min": 0.0,
        "max": 1.0,
        "type": "minecraft:uniform"
		},
            "entries": [
			{
                    "type": "minecraft:loot_table",
                    "name": "rpgloot:uncommon_potions",
                    "weight": 400,
					"quality": 0 
             },
			 {
                    "type": "minecraft:loot_table",
                    "name": "rpgloot:rare_potions",
                    "weight": 100,
					"quality": 1 
             },
			 {
                    "type": "minecraft:loot_table",
                    "name": "rpgloot:veryrare_potions",
                    "weight": 25,
					"quality": 3 
             },
			 {
                    "type": "minecraft:loot_table",
                    "name": "rpgloot:legendary_potions",
                    "weight": 2,
					"quality": 5 
             }
  ]
}
]
}