{"stats":{"minecraft:used":{"minecraft:acacia_log":2,"minecraft:melon_slice":26,"minecraft:iron_pickaxe":22,"minecraft:stone_axe":25,"minecraft:dirt":3,"minecraft:cobblestone":1,"minecraft:crafting_table":1,"minecraft:porkchop":3,"alexsmobs:animal_dictionary":1},"minecraft:custom":{"minecraft:time_since_rest":8126,"lootr:looted_stat":12,"minecraft:sprint_one_cm":56348,"minecraft:damage_taken":807,"minecraft:walk_one_cm":145399,"minecraft:mob_kills":4,"minecraft:drop":5,"minecraft:damage_dealt":286,"minecraft:interact_with_crafting_table":2,"minecraft:fly_one_cm":160222,"minecraft:open_chest":3,"minecraft:crouch_one_cm":1868,"minecraft:play_time":47373,"minecraft:deaths":2,"minecraft:sneak_time":706,"minecraft:jump":779,"minecraft:interact_with_blast_furnace":1,"minecraft:time_since_death":8092,"minecraft:total_world_time":47373,"minecraft:climb_one_cm":2440,"minecraft:fall_one_cm":17650},"minecraft:killed":{"minecraft:zombie":1,"zombie_extreme:infected_military":1,"alexsmobs:fly":2},"minecraft:picked_up":{"minecraft:acacia_log":2,"minecraft:dirt":3,"lightmanscurrency:coin_copper":3,"minecraft:rotten_flesh":1,"biomesoplenty:willow_log":1,"biomesoplenty:rose_quartz_chunk":1,"minecraft:wheat_seeds":3,"bossominium:the_bossdexium":1,"minecraft:azalea":1,"supplementaries:ash":1,"alexsmobs:maggot":2,"minecraft:melon_slice":51,"minecraft:acacia_sapling":1},"minecraft:mined":{"biomesoplenty:spanish_moss":1,"minecraft:grass":33,"minecraft:acacia_log":2,"minecraft:grass_block":3,"minecraft:melon":11,"minecraft:tall_grass":3,"biomesoplenty:willow_log":1,"biomesoplenty:rose_quartz_cluster":1,"minecraft:oak_leaves":22},"minecraft:crafted":{"minecraft:oak_planks":60,"minecraft:crafting_table":1,"minecraft:stick":4,"minecraft:iron_pickaxe":1,"minecraft:stone_axe":1},"minecraft:dropped":{"securitycraft:universal_block_reinforcer_lvl3":1,"minecraft:melon_slice":21,"tacz:modern_kinetic_gun":1,"tacz:ammo":60,"bossominium:the_bossdexium":1},"minecraft:killed_by":{"minecraft:player":1}},"DataVersion":3465}