{"stats":{"minecraft:custom":{"minecraft:time_since_rest":17250,"minecraft:sprint_one_cm":22790,"minecraft:damage_taken":500,"minecraft:walk_one_cm":33827,"minecraft:mob_kills":2,"minecraft:damage_dealt":47,"minecraft:interact_with_crafting_table":3,"minecraft:fly_one_cm":35138,"minecraft:open_chest":7,"minecraft:crouch_one_cm":116,"minecraft:play_time":18347,"minecraft:deaths":1,"minecraft:sneak_time":173,"minecraft:jump":212,"minecraft:leave_game":2,"minecraft:time_since_death":16729,"minecraft:total_world_time":18347,"minecraft:fall_one_cm":5026},"minecraft:crafted":{"minecraft:stick":4,"minecraft:stone_pickaxe":1,"minecraft:stone_sword":1,"biomesoplenty:willow_planks":12},"minecraft:killed":{"minecraft:zombie":1,"alexsmobs:fly":1},"minecraft:mined":{"argentinas_delight:salmoncrudo":1,"minecraft:grass":1,"minecraft:grass_block":2,"minecraft:coal_ore":6,"minecraft:dirt":5,"minecraft:cobblestone":2,"vinery:savanna_grape_bush_white":2,"minecraft:stone":19},"minecraft:used":{"alexsmobs:maggot":1,"minecraft:stone_sword":3,"minecraft:stone_pickaxe":19,"minecraft:wooden_pickaxe":14,"minecraft:salmon":3,"minecraft:cobblestone":1,"minecraft:cooked_cod":2,"vinery:savanna_grapes_white":6},"minecraft:picked_up":{"vinery:savanna_grape_seeds_white":6,"minecraft:fishing_rod":1,"minecraft:salmon":1,"vinery:savanna_grapes_white":6,"minecraft:dirt":7,"lightmanscurrency:coin_copper":4,"minecraft:bone":1,"minecraft:cooked_cod":2,"minecraft:wheat_seeds":1,"alexsmobs:maggot":1,"minecraft:coal":6,"minecraft:cobblestone":21}},"DataVersion":3465}