{"stats":{"minecraft:crafted":{"minecraft:cooked_porkchop":10,"minecraft:crafting_table":1,"minecraft:wooden_pickaxe":1,"minecraft:furnace":1,"minecraft:stone_axe":1,"biomesoplenty:willow_planks":36,"minecraft:bread":2,"minecraft:air":0,"minecraft:stick":8,"minecraft:stone_pickaxe":1,"minecraft:stone_sword":1,"alexsmobs:cooked_catfish":3,"minecraft:torch":4},"minecraft:mined":{"biomesoplenty:spanish_moss":18,"biomesoplenty:desert_grass":1,"minecraft:mangrove_roots":1,"minecraft:crafting_table":2,"minecraft:torch":5,"biomesoplenty:bush":1,"bakery:wild_strawberries":3,"minecraft:grass_block":1,"minecraft:cobblestone":2,"vinery:savanna_grape_bush_white":2,"biomesoplenty:willow_log":10,"minecraft:large_fern":3,"minecraft:seagrass":1,"minecraft:tall_seagrass":5,"minecraft:furnace":2,"biomesoplenty:spanish_moss_plant":16,"minecraft:iron_ore":1,"minecraft:grass":8,"minecraft:coal_ore":6,"minecraft:stone":22,"minecraft:fern":16,"biomesoplenty:willow_leaves":2},"minecraft:killed":{"minecraft:pig":4,"minecraft:spider":1,"alexsmobs:catfish":2,"minecraft:drowned":1},"minecraft:picked_up":{"vinery:savanna_grape_seeds_white":5,"minecraft:crafting_table":2,"bakery:strawberry_seeds":1,"vinery:savanna_grapes_red":7,"lightmanscurrency:coin_iron":2,"crittersandcompanions:clam":1,"minecraft:furnace":2,"minecraft:raw_iron":1,"bakery:strawberry":3,"minecraft:torch":5,"minecraft:porkchop":6,"lightmanscurrency:coin_copper":5,"alexsmobs:raw_catfish":3,"biomesoplenty:willow_log":10,"minecraft:mangrove_roots":1,"minecraft:coal":6,"minecraft:cobblestone":23},"minecraft:dropped":{"minecraft:mangrove_roots":1,"crittersandcompanions:clam":1,"vinery:savanna_grape_seeds_white":5},"minecraft:custom":{"lootr:looted_stat":23,"minecraft:interact_with_furnace":14,"minecraft:mob_kills":8,"minecraft:interact_with_crafting_table":7,"minecraft:open_barrel":1,"minecraft:eat_cake_slice":3,"minecraft:leave_game":2,"minecraft:time_since_death":39495,"minecraft:climb_one_cm":4696,"minecraft:time_since_rest":39495,"minecraft:sprint_one_cm":88346,"minecraft:walk_one_cm":63102,"minecraft:damage_taken":370,"minecraft:drop":7,"minecraft:damage_dealt":1531,"minecraft:swim_one_cm":18519,"minecraft:talked_to_villager":4,"minecraft:fly_one_cm":160637,"minecraft:crouch_one_cm":1946,"minecraft:play_time":39495,"minecraft:sneak_time":1768,"minecraft:walk_under_water_one_cm":5407,"minecraft:jump":596,"minecraft:walk_on_water_one_cm":10238,"minecraft:total_world_time":39495,"minecraft:fall_one_cm":19331},"minecraft:used":{"biomesoplenty:willow_log":1,"minecraft:stone_sword":52,"minecraft:stone_pickaxe":14,"biomesoplenty:willow_planks":1,"minecraft:wooden_pickaxe":23,"minecraft:torch":6,"minecraft:crafting_table":2,"vinery:savanna_grapes_red":1,"minecraft:stone_axe":2,"minecraft:cobblestone":2,"minecraft:furnace":2,"minecraft:cooked_porkchop":5,"alexsmobs:animal_dictionary":3}},"DataVersion":3465}