{"stats":{"minecraft:crafted":{"biomesoplenty:willow_boat":1,"minecraft:cooked_porkchop":10,"minecraft:crafting_table":1,"minecraft:wooden_pickaxe":1,"minecraft:furnace":1,"minecraft:stone_axe":1,"biomesoplenty:willow_planks":36,"minecraft:bread":2,"minecraft:air":0,"minecraft:stick":8,"minecraft:stone_pickaxe":1,"minecraft:stone_sword":1,"alexsmobs:cooked_catfish":3,"minecraft:torch":4},"minecraft:mined":{"biomesoplenty:spanish_moss":18,"biomesoplenty:desert_grass":1,"minecraft:mangrove_roots":1,"minecraft:crafting_table":3,"minecraft:torch":5,"biomesoplenty:bush":2,"minecraft:allium":1,"bakery:wild_strawberries":3,"minecraft:grass_block":5,"minecraft:cobblestone":2,"vinery:savanna_grape_bush_white":2,"biomesoplenty:willow_log":10,"minecraft:large_fern":3,"minecraft:seagrass":1,"minecraft:tall_seagrass":5,"minecraft:furnace":2,"biomesoplenty:spanish_moss_plant":16,"minecraft:iron_ore":9,"biomesoplenty:lavender":1,"minecraft:grass":8,"minecraft:coal_ore":6,"minecraft:gravel":1,"minecraft:dirt":2,"minecraft:stone":22,"create:limestone":13,"minecraft:fern":16,"biomesoplenty:willow_leaves":2},"minecraft:killed":{"minecraft:pig":4,"minecraft:spider":1,"alexsmobs:catfish":2,"minecraft:drowned":1},"minecraft:picked_up":{"biomesoplenty:lavender":1,"vinery:savanna_grape_seeds_white":5,"minecraft:crafting_table":3,"bakery:strawberry_seeds":1,"minecraft:dirt":5,"create:limestone":13,"vinery:savanna_grapes_red":9,"lightmanscurrency:coin_iron":2,"crittersandcompanions:clam":1,"minecraft:furnace":2,"minecraft:raw_iron":9,"bakery:strawberry":3,"minecraft:torch":5,"minecraft:porkchop":6,"lightmanscurrency:coin_copper":5,"alexsmobs:raw_catfish":3,"biomesoplenty:willow_log":10,"minecraft:mangrove_roots":1,"minecraft:coal":6,"minecraft:cobblestone":23},"minecraft:dropped":{"minecraft:mangrove_roots":1,"crittersandcompanions:clam":1,"minecraft:salmon":1,"vinery:savanna_grape_seeds_white":5},"minecraft:custom":{"lootr:looted_stat":23,"minecraft:interact_with_furnace":14,"minecraft:mob_kills":8,"minecraft:interact_with_crafting_table":9,"minecraft:open_barrel":1,"minecraft:eat_cake_slice":3,"minecraft:leave_game":3,"minecraft:time_since_death":48116,"minecraft:climb_one_cm":4696,"minecraft:time_since_rest":48116,"minecraft:sprint_one_cm":128669,"minecraft:walk_one_cm":93668,"minecraft:damage_taken":670,"minecraft:drop":8,"minecraft:damage_dealt":1656,"minecraft:swim_one_cm":23645,"minecraft:talked_to_villager":4,"minecraft:fly_one_cm":238994,"minecraft:crouch_one_cm":2188,"minecraft:play_time":48116,"minecraft:sneak_time":1802,"minecraft:walk_under_water_one_cm":7755,"minecraft:jump":1053,"minecraft:walk_on_water_one_cm":15158,"minecraft:total_world_time":48116,"minecraft:fall_one_cm":38753},"minecraft:used":{"biomesoplenty:willow_log":1,"minecraft:stone_sword":56,"minecraft:stone_pickaxe":35,"biomesoplenty:willow_planks":1,"minecraft:wooden_pickaxe":23,"minecraft:torch":6,"minecraft:dirt":4,"minecraft:crafting_table":3,"biomesoplenty:willow_boat":1,"vinery:savanna_grapes_red":1,"minecraft:stone_axe":4,"minecraft:cobblestone":25,"minecraft:furnace":2,"minecraft:cooked_porkchop":9,"alexsmobs:animal_dictionary":3}},"DataVersion":3465}