{"stats":{"minecraft:used":{"minecraft:iron_shovel":73,"minecraft:dispenser":1,"minecraft:ladder":25,"minecraft:shield":61,"minecraft:chest":64,"minecraft:iron_sword":11,"zombie_extreme:dead_body":1,"minecraft:rotten_flesh":26,"minecraft:jungle_planks":9,"minecraft:carrot":11,"minecraft:jungle_slab":8,"minecraft:orange_wool":1,"minecraft:glass":21,"refurbished_furniture:dark_oak_crate":3,"minecraft:stripped_dark_oak_wood":50,"minecraft:grass_block":79,"minecraft:lantern":13,"vs_eureka:oak_ship_helm":4,"minecraft:dark_oak_slab":415,"minecraft:stone_brick_stairs":546,"minecraft:stone_bricks":50,"minecraft:bow":26,"minecraft:furnace":25,"minecraft:acacia_fence":9,"minecraft:potato":2,"minecraft:dark_oak_stairs":221,"minecraft:stone_pickaxe":149,"minecraft:dark_oak_sign":13,"minecraft:oak_planks":1157,"refurbished_furniture:dark_oak_lattice_fence":88,"minecraft:wooden_pickaxe":8,"minecraft:sandstone":18,"minecraft:golden_apple":1,"minecraft:dark_oak_trapdoor":88,"minecraft:sand":5,"refurbished_furniture:spruce_desk":1,"minecraft:crossbow":4,"redeco:dark_oak_plank_gate":1,"minecraft:acacia_door":1,"minecraft:dark_oak_log":372,"minecraft:bread":30,"minecraft:cyan_bed":5,"minecraft:string":1,"minecraft:lectern":51,"minecraft:diamond_sword":163,"vs_eureka:engine":10,"minecraft:dark_oak_fence":87,"minecraft:oak_trapdoor":8,"minecraft:stone_sword":12,"minecraft:flint_and_steel":1,"minecraft:spruce_planks":28,"tacz:gun_smith_table":6,"minecraft:wooden_shovel":15,"minecraft:netherrack":12,"endrem:lost_eye":1,"minecraft:stick":2,"minecraft:torch":83,"minecraft:dirt":359,"minecraft:red_nether_brick_slab":1,"minecraft:cobblestone_wall":4,"minecraft:spruce_fence":6,"minecraft:stone_brick_slab":53,"minecraft:dark_oak_planks":1987,"minecraft:sea_lantern":2,"minecraft:iron_axe":376,"minecraft:oak_stairs":34,"minecraft:acacia_slab":71,"minecraft:cooked_beef":2,"minecraft:acacia_planks":8,"alexsmobs:blobfish":1,"minecraft:water_bucket":38,"minecraft:cobblestone_stairs":193,"minecraft:birch_planks":23,"vs_eureka:white_balloon":419,"minecraft:birch_boat":1,"minecraft:cut_sandstone":3,"minecraft:green_bed":1,"minecraft:mossy_cobblestone":13,"minecraft:tnt":64,"minecraft:crafting_table":19,"minecraft:oak_slab":12,"minecraft:red_bed":4,"bakery:strawberry":1,"zombie_extreme:golf_club":332,"minecraft:white_bed":1,"minecraft:campfire":6,"minecraft:dark_oak_door":8,"minecraft:cake":1,"minecraft:smoker":2,"minecraft:oak_log":18,"minecraft:diamond_pickaxe":44,"minecraft:apple":1,"minecraft:iron_pickaxe":285,"biomesoplenty:willow_sign":1,"minecraft:spruce_trapdoor":200,"refurbished_furniture:light_electricity_generator":6,"refurbished_furniture:dark_oak_lattice_fence_gate":3,"minecraft:stone_axe":29,"minecraft:cobblestone":345,"refurbished_furniture:workbench":3,"minecraft:cooked_porkchop":13,"minecraft:bucket":12,"minecraft:glass_pane":85,"alexsmobs:animal_dictionary":3},"minecraft:custom":{"lootr:looted_stat":47,"minecraft:interact_with_crafting_table":85,"minecraft:open_barrel":1,"minecraft:eat_cake_slice":12,"minecraft:leave_game":30,"minecraft:time_since_death":14241,"minecraft:sprint_one_cm":883738,"minecraft:damage_blocked_by_shield":4095,"minecraft:drop":176,"minecraft:talked_to_villager":134,"minecraft:play_time":817997,"minecraft:deaths":37,"minecraft:jump":10544,"minecraft:walk_on_water_one_cm":70453,"minecraft:interact_with_furnace":91,"minecraft:traded_with_villager":97,"minecraft:sleep_in_bed":23,"minecraft:damage_dealt":26844,"minecraft:player_kills":2,"minecraft:crouch_one_cm":79011,"minecraft:interact_with_smoker":3,"minecraft:inspect_dispenser":8,"minecraft:interact_with_smithing_table":1,"minecraft:interact_with_anvil":7,"minecraft:mob_kills":145,"minecraft:damage_dealt_resisted":10,"minecraft:climb_one_cm":19841,"minecraft:walk_one_cm":1374752,"minecraft:damage_dealt_absorbed":80,"minecraft:sneak_time":27009,"minecraft:walk_under_water_one_cm":81007,"minecraft:boat_one_cm":11943,"minecraft:interact_with_blast_furnace":1,"minecraft:total_world_time":817997,"minecraft:time_since_rest":6639,"minecraft:damage_taken":14349,"minecraft:damage_absorbed":40,"minecraft:swim_one_cm":68234,"minecraft:fly_one_cm":2660726,"minecraft:open_chest":143,"minecraft:fall_one_cm":286690},"minecraft:killed":{"minecraft:witch":2,"minecraft:spider":2,"zombie_extreme:infected_juggernaut":1,"zombie_extreme:divided":1,"minecraft:skeleton":20,"zombie_extreme:clicker":3,"zombie_extreme:goon":2,"zombie_extreme:ram":1,"minecraft:silverfish":4,"minecraft:piglin_brute":1,"zombie_extreme:inflated":1,"minecraft:piglin":1,"zombie_extreme:infected_hazmat":2,"minecraft:iron_golem":2,"minecraft:creeper":20,"minecraft:pillager":4,"minecraft:goat":3,"minecraft:zombie":17,"zombie_extreme:infected_police":2,"alexsmobs:fly":3,"zombie_extreme:fetus":4,"minecraft:blaze":4,"zombie_extreme:rat_king":1,"minecraft:vex":1,"zombie_extreme:demolisher":3,"zombie_extreme:revived":7,"zombie_extreme:parasite":2,"zombie_extreme:runner":2,"alexsmobs:flying_fish":2,"zombie_extreme:crawler":2,"minecraft:husk":2,"zombie_extreme:boomer":2,"zombie_extreme:infected_military":3,"zombie_extreme:infected":3,"zombie_extreme:devestated":1,"zombie_extreme:assasin_black_ops":6,"zombie_extreme:explosive_infected":1},"minecraft:broken":{"minecraft:stone_pickaxe":1,"minecraft:stone_axe":1,"minecraft:iron_axe":4},"minecraft:picked_up":{"minecraft:iron_chestplate":1,"bakery:strawberry_seeds":1,"zombie_extreme:baseball_bat":2,"minecraft:nether_brick":12,"zombie_extreme:police_suit_chestplate":1,"alexsmobs:gazelle_horn":7,"minecraft:string":17,"alexsmobs:ancient_dart":2,"minecraft:red_nether_bricks":1,"minecraft:iron_leggings":1,"minecraft:sticky_piston":8,"zombie_extreme:golf_club":2,"minecraft:diamond_leggings":1,"minecraft:gold_nugget":1,"minecraft:cobbled_deepslate":14,"refurbished_furniture:dark_oak_lattice_fence":6,"minecraft:calcite":2,"minecraft:azalea":115,"minecraft:furnace":2,"minecraft:iron_boots":1,"minecraft:golden_helmet":3,"minecraft:stick":241,"minecraft:jungle_door":1,"minecraft:acacia_fence":1,"minecraft:oak_fence":2,"minecraft:acacia_log":503,"minecraft:torch":1,"minecraft:green_bed":2,"minecraft:spruce_stairs":6,"lightmanscurrency:coin_emerald":1,"minecraft:rotten_flesh":47,"biomesoplenty:rose_quartz_chunk":2,"biomesoplenty:mahogany_sapling":2,"farmersdelight:rope":8,"minecraft:bookshelf":1,"supplementaries:ash":9,"minecraft:obsidian":4,"minecraft:cobblestone":139,"minecraft:cooked_beef":7,"minecraft:leather_chestplate":1,"minecraft:jungle_pressure_plate":1,"minecraft:repeater":6,"minecraft:water_bucket":1,"minecraft:jungle_log":716,"minecraft:jungle_wood":1,"alexsmobs:bison_fur":2,"minecraft:flint":3,"minecraft:tuff":12,"create:raw_zinc":5,"minecraft:dirt":163,"minecraft:glass":1,"minecraft:bone":28,"minecraft:acacia_planks":116,"minecraft:bow":2,"minecraft:wheat_seeds":58,"minecraft:raw_gold":2,"vs_eureka:white_balloon":4,"minecraft:dark_oak_sign":1,"minecraft:mossy_stone_bricks":1,"minecraft:glowstone_dust":2,"tacz:gun_smith_table":2,"alexsmobs:blobfish":2,"minecraft:oak_planks":75,"minecraft:cooked_porkchop":9,"minecraft:jungle_planks":2,"minecraft:sand":19,"minecraft:cyan_bed":3,"minecraft:jungle_slab":2,"minecraft:spectral_arrow":8,"minecraft:dark_oak_log":201,"minecraft:mossy_cobblestone":69,"minecraft:orange_wool":4,"minecraft:bundle":1,"minecraft:dispenser":7,"minecraft:sugar":2,"biomesoplenty:willow_log":18,"minecraft:diamond":3,"minecraft:cracked_polished_blackstone_bricks":9,"zombie_extreme:raw_thorium":1,"minecraft:emerald":4,"minecraft:bread":40,"alexsmobs:maggot":5,"minecraft:oak_sapling":42,"minecraft:netherrack":16,"minecraft:diamond_pickaxe":2,"vinery:savanna_grape_seeds_white":2,"minecraft:fishing_rod":1,"zombie_extreme:hazmat_suit_leggings":1,"minecraft:crafting_table":8,"minecraft:ladder":7,"minecraft:gold_block":19,"zombie_extreme:kitchen_knife":1,"minecraft:shield":10,"minecraft:moss_carpet":2,"alexsmobs:pigshoes":1,"minecraft:iron_axe":1,"minecraft:acacia_door":2,"minecraft:blackstone":3,"minecraft:cyan_carpet":1,"minecraft:glass_pane":1,"biomesoplenty:willow_planks":1,"zombie_extreme:steel_axe":1,"minecraft:spruce_slab":37,"bossominium:vex_wing":1,"minecraft:lectern":50,"biomesoplenty:wildflower":1,"minecraft:sugar_cane":8,"vs_eureka:engine":8,"minecraft:dark_oak_sapling":6,"minecraft:raw_iron":66,"minecraft:sandstone":19,"minecraft:spruce_fence":2,"sophisticatedbackpacks:backpack":1,"minecraft:polished_blackstone_bricks":22,"minecraft:cake":1,"minecraft:carrot":3,"minecraft:redstone":34,"minecraft:stone_pressure_plate":4,"minecraft:dark_oak_planks":28,"minecraft:arrow":20,"biomesoplenty:willow_sapling":6,"minecraft:nether_bricks":4,"minecraft:diamond_boots":3,"crittersandcompanions:silk":5,"minecraft:gold_ingot":8,"zombie_extreme:butcher_knife":1,"minecraft:white_wool":43,"minecraft:basalt":3,"minecraft:cut_sandstone":12,"minecraft:leather":5,"alexsmobs:acacia_blossom":24,"minecraft:jungle_fence":1,"minecraft:red_mushroom":2,"minecraft:birch_planks":25,"minecraft:oak_log":130,"minecraft:golden_boots":1,"minecraft:gunpowder":22,"minecraft:cobblestone_stairs":1,"minecraft:wooden_hoe":1,"zombie_extreme:raw_steel":1,"zombie_extreme:dead_body":2,"minecraft:coast_armor_trim_smithing_template":1,"minecraft:stone_bricks":2,"minecraft:apple":3,"minecraft:gray_carpet":1,"minecraft:heart_of_the_sea":1,"minecraft:rabbit_hide":3,"minecraft:iron_ingot":13,"zombie_extreme:barbed_fence":1,"lightmanscurrency:coin_iron":119,"minecraft:flowering_azalea":44,"minecraft:iron_sword":2,"minecraft:acacia_sapling":97,"minecraft:dark_oak_stairs":1,"minecraft:book":3,"minecraft:oak_slab":3,"bakery:strawberry":1,"vs_eureka:oak_ship_helm":2,"minecraft:quartz":17,"minecraft:cracked_nether_bricks":1,"minecraft:raw_iron_block":2,"minecraft:gravel":12,"minecraft:white_bed":2,"minecraft:spider_eye":4,"lightmanscurrency:coin_copper":310,"minecraft:oak_wood":2,"biomesoplenty:mahogany_log":22,"minecraft:chainmail_leggings":12,"lightmanscurrency:coin_gold":18,"minecraft:iron_helmet":1,"minecraft:red_nether_brick_slab":2,"minecraft:acacia_slab":13,"argentinas_delight:cuernodetoro":3,"minecraft:coal":246,"minecraft:ender_pearl":1},"minecraft:mined":{"minecraft:red_nether_brick_slab":1,"minecraft:dark_oak_planks":26,"create:deepslate_zinc_ore":5,"minecraft:stone_pressure_plate":4,"minecraft:white_bed":2,"minecraft:jungle_slab":2,"minecraft:red_nether_bricks":1,"minecraft:orange_wool":4,"minecraft:obsidian":4,"biomesoplenty:bramble":1,"minecraft:acacia_log":1,"minecraft:grass_block":76,"minecraft:infested_cobblestone":2,"zombie_extreme:deepslate_lead":1,"minecraft:jungle_log":25,"minecraft:cracked_polished_blackstone_bricks":4,"zombie_extreme:deepslate_thorium":1,"tacz:gun_smith_table":2,"minecraft:spawner":1,"biomesoplenty:bramble_leaves":1,"minecraft:polished_blackstone_bricks":1,"minecraft:raw_iron_block":2,"minecraft:iron_ore":5,"minecraft:sticky_piston":6,"minecraft:fire":27,"minecraft:dark_oak_stairs":1,"minecraft:twisting_vines":1,"supplementaries:stick":2,"minecraft:azalea_leaves":1,"minecraft:spruce_slab":19,"minecraft:green_bed":1,"minecraft:deepslate_redstone_ore":7,"minecraft:cut_sandstone":3,"minecraft:jungle_door":1,"minecraft:blackstone":3,"minecraft:torch":1,"minecraft:calcite":2,"minecraft:cobblestone":9,"vinery:savanna_grape_bush_white":1,"minecraft:cyan_bed":3,"minecraft:sugar_cane":4,"minecraft:oak_planks":18,"minecraft:repeater":6,"vs_eureka:oak_ship_helm":2,"biomesoplenty:large_rose_quartz_bud":1,"minecraft:grass":312,"minecraft:acacia_fence":1,"minecraft:dirt":14,"minecraft:dispenser":7,"minecraft:netherrack":24,"minecraft:oak_leaves":3,"minecraft:deepslate":10,"minecraft:tuff":12,"minecraft:mossy_cobblestone":65,"minecraft:deepslate_diamond_ore":1,"biomesoplenty:desert_grass":1,"minecraft:dark_oak_log":20,"minecraft:ladder":1,"minecraft:nether_bricks":4,"minecraft:jungle_planks":2,"minecraft:redstone_wire":1,"zombie_extreme:dead_body":1,"minecraft:acacia_slab":8,"minecraft:sandstone":3,"minecraft:furnace":2,"minecraft:nether_sprouts":1,"minecraft:gold_block":19,"minecraft:bookshelf":1,"vs_eureka:white_balloon":4,"biomesoplenty:high_grass":12,"minecraft:deepslate_iron_ore":61,"minecraft:vine":2,"crittersandcompanions:silk_cocoon":1,"minecraft:stone":121,"biomesoplenty:rose_quartz_cluster":1,"minecraft:white_wool":62,"minecraft:basalt":1,"minecraft:crafting_table":8,"bakery:wild_strawberries":2,"minecraft:lectern":50,"biomesoplenty:high_grass_plant":4,"minecraft:tall_grass":38,"biomesoplenty:sprout":7,"biomesoplenty:willow_log":5,"supplementaries:urn":2,"minecraft:birch_planks":23,"minecraft:jungle_fence":1,"minecraft:coal_ore":39,"minecraft:gravel":14,"minecraft:acacia_door":2,"minecraft:acacia_planks":5,"minecraft:stone_bricks":2,"minecraft:gold_ore":1,"vs_eureka:engine":8,"minecraft:fern":10},"minecraft:crafted":{"minecraft:oak_planks":324,"minecraft:diamond_helmet":1,"minecraft:iron_boots":1,"minecraft:chest":28,"minecraft:acacia_fence":24,"minecraft:oak_slab":6,"minecraft:wooden_shovel":1,"sophisticatedbackpacks:backpack":1,"minecraft:emerald":95,"minecraft:cooked_porkchop":2,"minecraft:crafting_table":12,"minecraft:acacia_slab":90,"minecraft:wooden_pickaxe":1,"minecraft:iron_helmet":2,"biomesoplenty:willow_sign":3,"minecraft:lectern":1,"minecraft:iron_chestplate":1,"minecraft:shield":1,"minecraft:stick":3000,"minecraft:iron_ingot":42,"minecraft:iron_pickaxe":2,"minecraft:stone_sword":1,"minecraft:acacia_door":3,"minecraft:gold_ingot":9,"minecraft:raw_iron":18,"biomesoplenty:mahogany_planks":4,"zombie_extreme:ignotsteel":2,"minecraft:furnace":2,"minecraft:iron_axe":9,"minecraft:ladder":3,"minecraft:stone_pickaxe":2,"minecraft:dark_oak_planks":368,"sophisticatedbackpacks:iron_backpack":1,"minecraft:cooked_beef":3,"biomesoplenty:willow_planks":72,"minecraft:stone_axe":1,"minecraft:jungle_slab":6,"minecraft:air":0,"minecraft:jungle_planks":1108,"minecraft:iron_shovel":1,"minecraft:iron_leggings":1,"minecraft:acacia_planks":516,"minecraft:torch":4,"bossominium:charred_steak":1,"minecraft:diamond_chestplate":1},"minecraft:dropped":{"sophisticatedbackpacks:iron_backpack":1,"minecraft:iron_sword":1,"minecraft:cooked_beef":1,"minecraft:oak_log":30,"lightmanscurrency:coin_copper":5,"minecraft:diamond":8,"minecraft:cooked_porkchop":5,"minecraft:netherite_upgrade_smithing_template":1,"minecraft:leather":1,"minecraft:emerald":83,"minecraft:flint":5,"minecraft:gold_block":2,"minecraft:netherite_scrap":1,"minecraft:dark_oak_planks":3,"minecraft:gold_ingot":13,"minecraft:obsidian":4,"minecraft:rotten_flesh":7,"minecraft:oak_planks":210,"argentinas_delight:cuernodetoro":1,"minecraft:tipped_arrow":5,"zombie_extreme:golf_club":1,"minecraft:beetroot_seeds":3,"minecraft:melon_seeds":3,"minecraft:jungle_log":567,"minecraft:arrow":16,"minecraft:glass":1,"bossominium:charred_steak":1,"minecraft:iron_ingot":10,"minecraft:bread":29,"minecraft:cobblestone":58,"minecraft:acacia_log":278,"minecraft:coal":4,"minecraft:stick":69,"minecraft:milk_bucket":1,"minecraft:wooden_hoe":1,"minecraft:iron_leggings":1,"tacz:modern_kinetic_gun":1,"minecraft:chainmail_leggings":1,"minecraft:string":2,"minepop:randombox":1,"alexsmobs:blobfish":1,"minecraft:iron_boots":1,"sophisticatedbackpacks:backpack":1,"minecraft:glass_pane":1,"lightmanscurrency:coin_gold":11,"minecraft:hay_block":9,"minecraft:diamond_pickaxe":2,"minecraft:cake":1,"minecraft:diamond_boots":1,"minecraft:stone_pickaxe":1,"minecraft:raw_gold":1},"minecraft:killed_by":{"zombie_extreme:inflated":1,"minecraft:zombie":2,"minecraft:player":4,"minecraft:skeleton":3}},"DataVersion":3465}