{"stats":{"minecraft:used":{"minecraft:dispenser":1,"minecraft:ladder":19,"minecraft:chest":28,"minecraft:shield":32,"minecraft:iron_sword":11,"zombie_extreme:dead_body":1,"minecraft:rotten_flesh":19,"minecraft:jungle_planks":9,"minecraft:carrot":11,"minecraft:jungle_slab":8,"minecraft:orange_wool":1,"vs_eureka:oak_ship_helm":4,"minecraft:dark_oak_slab":14,"minecraft:bow":8,"minecraft:furnace":2,"minecraft:acacia_fence":9,"minecraft:potato":2,"minecraft:stone_pickaxe":149,"minecraft:oak_planks":1157,"minecraft:wooden_pickaxe":8,"minecraft:sandstone":18,"minecraft:golden_apple":1,"minecraft:crossbow":4,"minecraft:acacia_door":1,"minecraft:cyan_bed":4,"minecraft:bread":28,"minecraft:string":1,"minecraft:lectern":51,"vs_eureka:engine":10,"minecraft:dark_oak_fence":70,"minecraft:stone_sword":12,"minecraft:flint_and_steel":1,"tacz:gun_smith_table":5,"minecraft:wooden_shovel":15,"endrem:lost_eye":1,"minecraft:stick":2,"minecraft:torch":7,"minecraft:dirt":11,"minecraft:dark_oak_planks":64,"minecraft:iron_axe":265,"minecraft:oak_stairs":34,"minecraft:acacia_slab":71,"minecraft:cooked_beef":1,"minecraft:acacia_planks":8,"alexsmobs:blobfish":1,"minecraft:water_bucket":8,"vs_eureka:white_balloon":419,"minecraft:cut_sandstone":3,"minecraft:oak_slab":12,"minecraft:tnt":64,"minecraft:crafting_table":15,"minecraft:red_bed":1,"bakery:strawberry":1,"zombie_extreme:golf_club":159,"minecraft:cake":1,"minecraft:oak_log":18,"minecraft:diamond_pickaxe":4,"minecraft:apple":1,"minecraft:iron_pickaxe":203,"biomesoplenty:willow_sign":1,"minecraft:spruce_trapdoor":38,"minecraft:stone_axe":29,"minecraft:cobblestone":32,"minecraft:cooked_porkchop":2,"minecraft:bucket":8,"alexsmobs:animal_dictionary":3},"minecraft:custom":{"lootr:looted_stat":38,"minecraft:interact_with_crafting_table":80,"minecraft:open_barrel":1,"minecraft:eat_cake_slice":12,"minecraft:leave_game":19,"minecraft:time_since_death":1862,"minecraft:sprint_one_cm":529487,"minecraft:damage_blocked_by_shield":2100,"minecraft:drop":127,"minecraft:talked_to_villager":134,"minecraft:play_time":517363,"minecraft:deaths":25,"minecraft:jump":6383,"minecraft:walk_on_water_one_cm":69911,"minecraft:interact_with_furnace":41,"minecraft:traded_with_villager":97,"minecraft:sleep_in_bed":13,"minecraft:damage_dealt":10252,"minecraft:player_kills":1,"minecraft:crouch_one_cm":32848,"minecraft:inspect_dispenser":8,"minecraft:interact_with_smithing_table":1,"minecraft:mob_kills":45,"minecraft:interact_with_anvil":6,"minecraft:damage_dealt_resisted":10,"minecraft:climb_one_cm":16419,"minecraft:walk_one_cm":788198,"minecraft:sneak_time":13385,"minecraft:walk_under_water_one_cm":80946,"minecraft:boat_one_cm":10023,"minecraft:interact_with_blast_furnace":1,"minecraft:total_world_time":517363,"minecraft:time_since_rest":2024,"minecraft:damage_taken":10169,"minecraft:damage_absorbed":40,"minecraft:swim_one_cm":68234,"minecraft:fly_one_cm":1698584,"minecraft:open_chest":87,"minecraft:fall_one_cm":197594},"minecraft:killed":{"minecraft:skeleton":9,"minecraft:silverfish":4,"zombie_extreme:inflated":1,"minecraft:iron_golem":2,"minecraft:creeper":1,"minecraft:pillager":4,"minecraft:zombie":7,"zombie_extreme:infected_police":1,"alexsmobs:fly":1,"zombie_extreme:fetus":2,"zombie_extreme:revived":1,"zombie_extreme:parasite":1,"alexsmobs:flying_fish":2,"minecraft:husk":2,"zombie_extreme:boomer":1,"zombie_extreme:assasin_black_ops":2,"zombie_extreme:explosive_infected":1},"minecraft:broken":{"minecraft:stone_pickaxe":1,"minecraft:stone_axe":1,"minecraft:iron_axe":4},"minecraft:mined":{"create:deepslate_zinc_ore":5,"minecraft:stone_pressure_plate":4,"minecraft:jungle_slab":2,"minecraft:orange_wool":4,"minecraft:obsidian":4,"minecraft:acacia_log":1,"minecraft:grass_block":7,"minecraft:infested_cobblestone":2,"zombie_extreme:deepslate_lead":1,"minecraft:jungle_log":25,"zombie_extreme:deepslate_thorium":1,"tacz:gun_smith_table":1,"minecraft:spawner":1,"minecraft:raw_iron_block":2,"minecraft:iron_ore":5,"minecraft:sticky_piston":6,"minecraft:fire":18,"supplementaries:stick":2,"minecraft:azalea_leaves":1,"minecraft:spruce_slab":19,"minecraft:deepslate_redstone_ore":7,"minecraft:cut_sandstone":3,"minecraft:jungle_door":1,"minecraft:torch":1,"minecraft:calcite":2,"minecraft:cobblestone":4,"vinery:savanna_grape_bush_white":1,"minecraft:cyan_bed":3,"minecraft:sugar_cane":4,"minecraft:oak_planks":18,"minecraft:repeater":6,"vs_eureka:oak_ship_helm":2,"minecraft:grass":40,"minecraft:acacia_fence":1,"minecraft:dirt":8,"minecraft:dispenser":7,"minecraft:netherrack":24,"minecraft:oak_leaves":3,"minecraft:deepslate":10,"minecraft:tuff":12,"minecraft:mossy_cobblestone":1,"minecraft:deepslate_diamond_ore":1,"biomesoplenty:desert_grass":1,"minecraft:ladder":1,"minecraft:jungle_planks":2,"minecraft:redstone_wire":1,"zombie_extreme:dead_body":1,"minecraft:acacia_slab":8,"minecraft:sandstone":3,"minecraft:furnace":2,"minecraft:bookshelf":1,"vs_eureka:white_balloon":4,"biomesoplenty:high_grass":10,"minecraft:deepslate_iron_ore":61,"minecraft:vine":2,"minecraft:stone":121,"minecraft:white_wool":62,"minecraft:crafting_table":7,"bakery:wild_strawberries":2,"minecraft:lectern":50,"biomesoplenty:high_grass_plant":4,"minecraft:tall_grass":1,"biomesoplenty:sprout":1,"biomesoplenty:willow_log":5,"supplementaries:urn":2,"minecraft:jungle_fence":1,"minecraft:coal_ore":39,"minecraft:gravel":14,"minecraft:acacia_door":2,"minecraft:acacia_planks":5,"minecraft:stone_bricks":2,"minecraft:gold_ore":1,"vs_eureka:engine":8,"minecraft:fern":10},"minecraft:picked_up":{"minecraft:iron_chestplate":1,"bakery:strawberry_seeds":1,"zombie_extreme:baseball_bat":2,"zombie_extreme:police_suit_chestplate":1,"alexsmobs:gazelle_horn":7,"minecraft:string":6,"minecraft:iron_leggings":1,"minecraft:sticky_piston":8,"zombie_extreme:golf_club":2,"minecraft:diamond_leggings":1,"minecraft:cobbled_deepslate":14,"minecraft:calcite":2,"minecraft:azalea":115,"minecraft:iron_boots":1,"minecraft:furnace":2,"minecraft:golden_helmet":1,"minecraft:stick":236,"minecraft:jungle_door":1,"minecraft:acacia_fence":1,"minecraft:oak_fence":2,"minecraft:acacia_log":503,"minecraft:spruce_stairs":6,"lightmanscurrency:coin_emerald":1,"minecraft:rotten_flesh":22,"biomesoplenty:mahogany_sapling":2,"farmersdelight:rope":8,"minecraft:bookshelf":1,"supplementaries:ash":4,"minecraft:obsidian":4,"minecraft:cobblestone":125,"minecraft:cooked_beef":7,"minecraft:jungle_pressure_plate":1,"minecraft:repeater":6,"minecraft:water_bucket":1,"minecraft:jungle_log":716,"minecraft:jungle_wood":1,"minecraft:flint":3,"minecraft:tuff":12,"create:raw_zinc":5,"minecraft:dirt":22,"minecraft:bone":13,"minecraft:acacia_planks":5,"minecraft:wheat_seeds":6,"minecraft:raw_gold":2,"vs_eureka:white_balloon":4,"minecraft:mossy_stone_bricks":1,"tacz:gun_smith_table":1,"alexsmobs:blobfish":2,"minecraft:oak_planks":75,"minecraft:jungle_planks":2,"minecraft:sand":19,"minecraft:cyan_bed":3,"minecraft:jungle_slab":2,"minecraft:mossy_cobblestone":10,"minecraft:orange_wool":4,"minecraft:bundle":1,"minecraft:dispenser":7,"biomesoplenty:willow_log":18,"minecraft:diamond":1,"zombie_extreme:raw_thorium":1,"minecraft:bread":40,"minecraft:emerald":4,"minecraft:oak_sapling":42,"minecraft:netherrack":16,"minecraft:diamond_pickaxe":1,"vinery:savanna_grape_seeds_white":2,"minecraft:crafting_table":7,"minecraft:ladder":7,"zombie_extreme:kitchen_knife":1,"minecraft:shield":9,"minecraft:moss_carpet":2,"minecraft:acacia_door":2,"minecraft:iron_axe":1,"minecraft:cyan_carpet":1,"biomesoplenty:willow_planks":1,"minecraft:spruce_slab":37,"zombie_extreme:steel_axe":1,"minecraft:lectern":50,"biomesoplenty:wildflower":1,"minecraft:sugar_cane":8,"vs_eureka:engine":8,"minecraft:raw_iron":66,"minecraft:sandstone":19,"sophisticatedbackpacks:backpack":1,"minecraft:spruce_fence":2,"minecraft:cake":1,"minecraft:carrot":3,"minecraft:redstone":34,"minecraft:stone_pressure_plate":4,"minecraft:arrow":6,"biomesoplenty:willow_sapling":6,"minecraft:diamond_boots":1,"minecraft:gold_ingot":2,"zombie_extreme:butcher_knife":1,"minecraft:white_wool":43,"minecraft:cut_sandstone":12,"minecraft:leather":5,"alexsmobs:acacia_blossom":24,"minecraft:jungle_fence":1,"minecraft:oak_log":130,"minecraft:golden_boots":1,"minecraft:gunpowder":3,"minecraft:cobblestone_stairs":1,"minecraft:wooden_hoe":1,"zombie_extreme:raw_steel":1,"zombie_extreme:dead_body":2,"minecraft:coast_armor_trim_smithing_template":1,"minecraft:stone_bricks":2,"minecraft:apple":1,"minecraft:gray_carpet":1,"minecraft:heart_of_the_sea":1,"minecraft:rabbit_hide":3,"zombie_extreme:barbed_fence":1,"minecraft:iron_ingot":13,"minecraft:acacia_sapling":97,"lightmanscurrency:coin_iron":24,"minecraft:iron_sword":1,"minecraft:flowering_azalea":44,"minecraft:book":3,"minecraft:oak_slab":3,"bakery:strawberry":1,"vs_eureka:oak_ship_helm":2,"minecraft:raw_iron_block":2,"minecraft:gravel":12,"minecraft:spider_eye":1,"lightmanscurrency:coin_copper":113,"minecraft:oak_wood":2,"biomesoplenty:mahogany_log":22,"lightmanscurrency:coin_gold":5,"minecraft:chainmail_leggings":12,"minecraft:iron_helmet":1,"minecraft:acacia_slab":13,"argentinas_delight:cuernodetoro":2,"minecraft:coal":177},"minecraft:crafted":{"minecraft:oak_planks":324,"minecraft:diamond_helmet":1,"minecraft:iron_boots":1,"minecraft:chest":23,"minecraft:acacia_fence":24,"minecraft:oak_slab":6,"minecraft:wooden_shovel":1,"sophisticatedbackpacks:backpack":1,"minecraft:emerald":95,"minecraft:cooked_porkchop":2,"minecraft:crafting_table":10,"minecraft:acacia_slab":90,"minecraft:wooden_pickaxe":1,"minecraft:iron_helmet":2,"biomesoplenty:willow_sign":3,"minecraft:lectern":1,"minecraft:iron_chestplate":1,"minecraft:shield":1,"minecraft:stick":2996,"minecraft:iron_ingot":42,"minecraft:iron_pickaxe":1,"minecraft:stone_sword":1,"minecraft:acacia_door":3,"minecraft:raw_iron":18,"biomesoplenty:mahogany_planks":4,"zombie_extreme:ignotsteel":2,"minecraft:furnace":2,"minecraft:iron_axe":7,"minecraft:ladder":3,"minecraft:stone_pickaxe":2,"sophisticatedbackpacks:iron_backpack":1,"minecraft:cooked_beef":2,"biomesoplenty:willow_planks":72,"minecraft:stone_axe":1,"minecraft:jungle_slab":6,"minecraft:air":0,"minecraft:jungle_planks":1108,"minecraft:iron_leggings":1,"minecraft:acacia_planks":516,"minecraft:torch":4,"bossominium:charred_steak":1,"minecraft:diamond_chestplate":1},"minecraft:dropped":{"sophisticatedbackpacks:iron_backpack":1,"minecraft:iron_sword":1,"minecraft:cooked_beef":1,"minecraft:oak_log":30,"lightmanscurrency:coin_copper":5,"minecraft:diamond":4,"minecraft:leather":1,"minecraft:emerald":83,"minecraft:flint":5,"minecraft:obsidian":4,"minecraft:oak_planks":210,"argentinas_delight:cuernodetoro":1,"minecraft:tipped_arrow":5,"zombie_extreme:golf_club":1,"minecraft:beetroot_seeds":3,"minecraft:melon_seeds":3,"minecraft:jungle_log":567,"minecraft:arrow":16,"bossominium:charred_steak":1,"minecraft:iron_ingot":10,"minecraft:bread":22,"minecraft:cobblestone":58,"minecraft:acacia_log":278,"minecraft:coal":4,"minecraft:stick":69,"minecraft:wooden_hoe":1,"minecraft:iron_leggings":1,"minecraft:chainmail_leggings":1,"minepop:randombox":1,"alexsmobs:blobfish":1,"minecraft:iron_boots":1,"sophisticatedbackpacks:backpack":1,"lightmanscurrency:coin_gold":11,"minecraft:hay_block":9,"minecraft:diamond_pickaxe":1,"minecraft:cake":1,"minecraft:stone_pickaxe":1,"minecraft:raw_gold":1},"minecraft:killed_by":{"minecraft:zombie":2,"minecraft:player":4,"minecraft:skeleton":3}},"DataVersion":3465}