{"stats":{"minecraft:mined":{"create:deepslate_zinc_ore":5,"minecraft:tuff":12,"minecraft:deepslate_diamond_ore":1,"biomesoplenty:desert_grass":1,"minecraft:grass_block":5,"zombie_extreme:deepslate_lead":1,"zombie_extreme:deepslate_thorium":1,"minecraft:acacia_slab":4,"minecraft:spawner":1,"minecraft:raw_iron_block":2,"minecraft:iron_ore":5,"minecraft:deepslate_iron_ore":61,"minecraft:stone":121,"minecraft:deepslate_redstone_ore":7,"minecraft:crafting_table":4,"minecraft:torch":1,"bakery:wild_strawberries":2,"minecraft:calcite":2,"minecraft:tall_grass":1,"minecraft:cobblestone":1,"vinery:savanna_grape_bush_white":1,"biomesoplenty:willow_log":5,"supplementaries:urn":2,"minecraft:grass":27,"minecraft:coal_ore":39,"minecraft:acacia_fence":1,"minecraft:gravel":14,"minecraft:acacia_door":2,"minecraft:dirt":7,"minecraft:acacia_planks":5,"vs_eureka:engine":3,"minecraft:gold_ore":1,"minecraft:deepslate":10,"minecraft:fern":8},"minecraft:picked_up":{"vinery:savanna_grape_seeds_white":2,"minecraft:crafting_table":4,"bakery:strawberry_seeds":1,"zombie_extreme:baseball_bat":2,"zombie_extreme:kitchen_knife":1,"zombie_extreme:police_suit_chestplate":1,"alexsmobs:gazelle_horn":7,"minecraft:string":4,"minecraft:acacia_door":2,"minecraft:cyan_carpet":1,"biomesoplenty:willow_planks":1,"zombie_extreme:golf_club":1,"minecraft:cobbled_deepslate":14,"minecraft:calcite":2,"biomesoplenty:wildflower":1,"vs_eureka:engine":3,"minecraft:stick":8,"minecraft:raw_iron":66,"minecraft:acacia_fence":1,"minecraft:acacia_log":52,"sophisticatedbackpacks:backpack":1,"minecraft:cake":1,"minecraft:redstone":33,"minecraft:arrow":4,"minecraft:rotten_flesh":10,"biomesoplenty:willow_sapling":6,"biomesoplenty:mahogany_sapling":1,"farmersdelight:rope":8,"supplementaries:ash":4,"zombie_extreme:butcher_knife":1,"minecraft:cobblestone":123,"minecraft:cooked_beef":1,"minecraft:leather":5,"alexsmobs:acacia_blossom":4,"minecraft:flint":3,"minecraft:tuff":12,"create:raw_zinc":5,"minecraft:oak_log":5,"minecraft:gunpowder":3,"minecraft:wooden_hoe":1,"minecraft:dirt":19,"zombie_extreme:raw_steel":1,"zombie_extreme:dead_body":1,"minecraft:bone":7,"minecraft:acacia_planks":5,"minecraft:wheat_seeds":6,"minecraft:raw_gold":2,"minecraft:heart_of_the_sea":1,"zombie_extreme:barbed_fence":1,"lightmanscurrency:coin_iron":9,"minecraft:acacia_sapling":6,"bakery:strawberry":1,"minecraft:raw_iron_block":2,"minecraft:gravel":12,"minecraft:bundle":1,"lightmanscurrency:coin_copper":33,"biomesoplenty:mahogany_log":22,"biomesoplenty:willow_log":18,"minecraft:diamond":1,"zombie_extreme:raw_thorium":1,"minecraft:bread":7,"argentinas_delight:cuernodetoro":1,"minecraft:acacia_slab":7,"minecraft:coal":166},"minecraft:crafted":{"minecraft:oak_planks":20,"minecraft:raw_iron":18,"biomesoplenty:mahogany_planks":4,"zombie_extreme:ignotsteel":2,"minecraft:furnace":2,"minecraft:iron_boots":1,"minecraft:stone_pickaxe":2,"minecraft:chest":10,"minecraft:acacia_fence":24,"sophisticatedbackpacks:iron_backpack":1,"minecraft:cooked_beef":2,"minecraft:wooden_shovel":1,"sophisticatedbackpacks:backpack":1,"minecraft:cooked_porkchop":2,"minecraft:crafting_table":5,"minecraft:acacia_slab":90,"minecraft:wooden_pickaxe":1,"minecraft:iron_helmet":1,"biomesoplenty:willow_planks":72,"minecraft:stone_axe":1,"minecraft:air":0,"biomesoplenty:willow_sign":3,"minecraft:iron_chestplate":1,"minecraft:shield":1,"minecraft:stick":36,"minecraft:iron_ingot":42,"minecraft:iron_pickaxe":1,"minecraft:stone_sword":1,"minecraft:acacia_door":3,"minecraft:iron_leggings":1,"minecraft:acacia_planks":208,"minecraft:torch":4,"bossominium:charred_steak":1},"minecraft:killed_by":{"minecraft:player":2,"minecraft:skeleton":1,"minecraft:zombie":2},"minecraft:broken":{"minecraft:stone_pickaxe":1},"minecraft:custom":{"minecraft:interact_with_smithing_table":1,"lootr:looted_stat":15,"minecraft:mob_kills":19,"minecraft:interact_with_anvil":1,"minecraft:interact_with_crafting_table":49,"minecraft:open_barrel":1,"minecraft:eat_cake_slice":12,"minecraft:leave_game":14,"minecraft:time_since_death":6025,"minecraft:climb_one_cm":4977,"minecraft:sprint_one_cm":157741,"minecraft:walk_one_cm":332191,"minecraft:damage_blocked_by_shield":735,"minecraft:drop":39,"minecraft:play_time":208455,"minecraft:deaths":14,"minecraft:sneak_time":4115,"minecraft:walk_under_water_one_cm":10473,"minecraft:jump":2269,"minecraft:interact_with_blast_furnace":1,"minecraft:walk_on_water_one_cm":11312,"minecraft:total_world_time":208455,"minecraft:interact_with_furnace":38,"minecraft:sleep_in_bed":3,"minecraft:time_since_rest":4809,"minecraft:damage_taken":6249,"minecraft:damage_absorbed":40,"minecraft:damage_dealt":3522,"minecraft:swim_one_cm":9516,"minecraft:fly_one_cm":253162,"minecraft:player_kills":1,"minecraft:open_chest":30,"minecraft:crouch_one_cm":12227,"minecraft:fall_one_cm":74898},"minecraft:used":{"minecraft:stone_sword":12,"tacz:gun_smith_table":3,"minecraft:chest":9,"minecraft:shield":15,"minecraft:wooden_shovel":15,"zombie_extreme:dead_body":1,"minecraft:rotten_flesh":10,"endrem:lost_eye":1,"minecraft:torch":3,"minecraft:dirt":9,"minecraft:acacia_slab":71,"vs_eureka:oak_ship_helm":1,"minecraft:bow":8,"minecraft:furnace":2,"minecraft:acacia_fence":9,"minecraft:cooked_beef":1,"minecraft:acacia_planks":8,"minecraft:stone_pickaxe":149,"minecraft:oak_planks":20,"vs_eureka:white_balloon":26,"minecraft:wooden_pickaxe":8,"minecraft:golden_apple":1,"minecraft:crafting_table":9,"minecraft:red_bed":1,"bakery:strawberry":1,"zombie_extreme:golf_club":65,"minecraft:cake":1,"minecraft:acacia_door":1,"minecraft:bread":9,"minecraft:iron_pickaxe":118,"biomesoplenty:willow_sign":1,"minecraft:stone_axe":25,"minecraft:cobblestone":24,"vs_eureka:engine":4,"minecraft:cooked_porkchop":2,"alexsmobs:animal_dictionary":3},"minecraft:dropped":{"minecraft:iron_ingot":5,"minecraft:bread":4,"minecraft:cooked_beef":1,"lightmanscurrency:coin_copper":5,"minecraft:leather":1,"minecraft:coal":4,"minecraft:wooden_hoe":1,"minepop:randombox":1,"sophisticatedbackpacks:backpack":1,"lightmanscurrency:coin_gold":11,"minecraft:hay_block":9,"minecraft:beetroot_seeds":3,"minecraft:melon_seeds":3,"minecraft:cake":1,"minecraft:stone_pickaxe":1,"minecraft:raw_gold":1,"bossominium:charred_steak":1},"minecraft:killed":{"minecraft:skeleton":3,"zombie_extreme:parasite":1,"zombie_extreme:inflated":1,"minecraft:husk":1,"zombie_extreme:boomer":1,"minecraft:zombie":7,"zombie_extreme:infected_police":1,"alexsmobs:fly":1,"zombie_extreme:assasin_black_ops":1}},"DataVersion":3465}