{"stats":{"minecraft:dropped":{"minecraft:iron_ingot":10,"minecraft:bread":15,"minecraft:cooked_beef":1,"lightmanscurrency:coin_copper":5,"minecraft:oak_log":20,"minecraft:diamond":4,"minecraft:cobblestone":58,"minecraft:leather":1,"minecraft:acacia_log":96,"minecraft:coal":4,"minecraft:stick":68,"minecraft:flint":5,"minecraft:wooden_hoe":1,"minecraft:obsidian":4,"minepop:randombox":1,"alexsmobs:blobfish":1,"minecraft:oak_planks":210,"sophisticatedbackpacks:backpack":1,"lightmanscurrency:coin_gold":11,"argentinas_delight:cuernodetoro":1,"minecraft:hay_block":9,"zombie_extreme:golf_club":1,"minecraft:diamond_pickaxe":1,"minecraft:jungle_log":317,"minecraft:beetroot_seeds":3,"minecraft:melon_seeds":3,"minecraft:cake":1,"minecraft:stone_pickaxe":1,"minecraft:raw_gold":1,"bossominium:charred_steak":1},"minecraft:crafted":{"minecraft:oak_planks":232,"minecraft:raw_iron":18,"biomesoplenty:mahogany_planks":4,"zombie_extreme:ignotsteel":2,"minecraft:furnace":2,"minecraft:iron_boots":1,"minecraft:iron_axe":3,"minecraft:ladder":3,"minecraft:stone_pickaxe":2,"minecraft:chest":23,"minecraft:acacia_fence":24,"sophisticatedbackpacks:iron_backpack":1,"minecraft:cooked_beef":2,"minecraft:wooden_shovel":1,"sophisticatedbackpacks:backpack":1,"minecraft:cooked_porkchop":2,"minecraft:crafting_table":7,"minecraft:acacia_slab":90,"minecraft:wooden_pickaxe":1,"minecraft:iron_helmet":2,"minecraft:stone_axe":1,"biomesoplenty:willow_planks":72,"minecraft:air":0,"biomesoplenty:willow_sign":3,"minecraft:iron_chestplate":1,"minecraft:shield":1,"minecraft:stick":48,"minecraft:iron_ingot":42,"minecraft:iron_pickaxe":1,"minecraft:stone_sword":1,"minecraft:acacia_door":3,"minecraft:iron_leggings":1,"minecraft:acacia_planks":208,"minecraft:torch":4,"bossominium:charred_steak":1},"minecraft:custom":{"minecraft:interact_with_smithing_table":1,"lootr:looted_stat":27,"minecraft:interact_with_anvil":4,"minecraft:mob_kills":33,"minecraft:interact_with_crafting_table":61,"minecraft:open_barrel":1,"minecraft:damage_dealt_resisted":10,"minecraft:eat_cake_slice":12,"minecraft:leave_game":16,"minecraft:time_since_death":3642,"minecraft:climb_one_cm":12469,"minecraft:sprint_one_cm":326950,"minecraft:walk_one_cm":607162,"minecraft:damage_blocked_by_shield":1740,"minecraft:drop":87,"minecraft:talked_to_villager":18,"minecraft:play_time":411706,"minecraft:deaths":22,"minecraft:sneak_time":9656,"minecraft:walk_under_water_one_cm":77765,"minecraft:boat_one_cm":10023,"minecraft:jump":4297,"minecraft:interact_with_blast_furnace":1,"minecraft:walk_on_water_one_cm":53798,"minecraft:total_world_time":411706,"minecraft:interact_with_furnace":41,"minecraft:sleep_in_bed":12,"minecraft:time_since_rest":3668,"minecraft:damage_taken":8821,"minecraft:damage_absorbed":40,"minecraft:damage_dealt":7975,"minecraft:player_kills":1,"minecraft:swim_one_cm":46695,"minecraft:fly_one_cm":1301705,"minecraft:open_chest":81,"minecraft:crouch_one_cm":22568,"minecraft:fall_one_cm":131300},"minecraft:broken":{"minecraft:stone_pickaxe":1,"minecraft:iron_axe":1,"minecraft:stone_axe":1},"minecraft:killed":{"minecraft:skeleton":4,"zombie_extreme:revived":1,"zombie_extreme:parasite":1,"alexsmobs:flying_fish":2,"zombie_extreme:inflated":1,"minecraft:husk":1,"zombie_extreme:boomer":1,"minecraft:iron_golem":2,"minecraft:pillager":4,"minecraft:zombie":7,"zombie_extreme:infected_police":1,"alexsmobs:fly":1,"zombie_extreme:assasin_black_ops":1,"zombie_extreme:explosive_infected":1,"zombie_extreme:fetus":2},"minecraft:used":{"minecraft:stone_sword":12,"minecraft:flint_and_steel":1,"minecraft:ladder":19,"tacz:gun_smith_table":5,"minecraft:chest":28,"minecraft:shield":27,"minecraft:iron_sword":5,"minecraft:wooden_shovel":15,"zombie_extreme:dead_body":1,"minecraft:rotten_flesh":10,"endrem:lost_eye":1,"minecraft:torch":7,"minecraft:dirt":9,"minecraft:carrot":11,"minecraft:orange_wool":1,"minecraft:dark_oak_planks":64,"minecraft:iron_axe":97,"minecraft:oak_stairs":34,"minecraft:acacia_slab":71,"vs_eureka:oak_ship_helm":4,"minecraft:dark_oak_slab":14,"minecraft:bow":8,"minecraft:furnace":2,"minecraft:acacia_fence":9,"minecraft:potato":2,"minecraft:cooked_beef":1,"minecraft:acacia_planks":8,"alexsmobs:blobfish":1,"minecraft:water_bucket":7,"minecraft:stone_pickaxe":149,"minecraft:oak_planks":1157,"vs_eureka:white_balloon":419,"minecraft:wooden_pickaxe":8,"minecraft:sandstone":18,"minecraft:golden_apple":1,"bakery:strawberry":1,"minecraft:oak_slab":12,"minecraft:red_bed":1,"minecraft:tnt":64,"minecraft:crafting_table":11,"zombie_extreme:golf_club":114,"minecraft:crossbow":4,"minecraft:cake":1,"minecraft:oak_log":18,"minecraft:diamond_pickaxe":4,"minecraft:apple":1,"minecraft:acacia_door":1,"minecraft:bread":9,"minecraft:cyan_bed":4,"minecraft:iron_pickaxe":130,"biomesoplenty:willow_sign":1,"minecraft:spruce_trapdoor":38,"minecraft:stone_axe":29,"minecraft:dark_oak_fence":70,"minecraft:cobblestone":30,"vs_eureka:engine":10,"minecraft:cooked_porkchop":2,"minecraft:bucket":7,"alexsmobs:animal_dictionary":3},"minecraft:picked_up":{"vinery:savanna_grape_seeds_white":2,"minecraft:crafting_table":5,"minecraft:ladder":7,"bakery:strawberry_seeds":1,"zombie_extreme:baseball_bat":2,"zombie_extreme:kitchen_knife":1,"zombie_extreme:police_suit_chestplate":1,"minecraft:shield":6,"alexsmobs:gazelle_horn":7,"minecraft:string":5,"minecraft:acacia_door":2,"minecraft:iron_leggings":1,"minecraft:cyan_carpet":1,"biomesoplenty:willow_planks":1,"zombie_extreme:golf_club":2,"minecraft:cobbled_deepslate":14,"minecraft:calcite":2,"minecraft:azalea":50,"zombie_extreme:steel_axe":1,"minecraft:spruce_slab":37,"biomesoplenty:wildflower":1,"minecraft:sugar_cane":3,"minecraft:iron_boots":1,"minecraft:furnace":2,"vs_eureka:engine":8,"minecraft:golden_helmet":1,"minecraft:stick":118,"minecraft:raw_iron":66,"minecraft:sandstone":19,"minecraft:acacia_fence":1,"minecraft:oak_fence":2,"minecraft:acacia_log":244,"minecraft:spruce_stairs":6,"minecraft:spruce_fence":2,"sophisticatedbackpacks:backpack":1,"minecraft:cake":1,"minecraft:carrot":3,"minecraft:redstone":33,"lightmanscurrency:coin_emerald":1,"minecraft:arrow":5,"minecraft:rotten_flesh":10,"biomesoplenty:willow_sapling":6,"biomesoplenty:mahogany_sapling":2,"farmersdelight:rope":8,"minecraft:gold_ingot":2,"supplementaries:ash":4,"zombie_extreme:butcher_knife":1,"minecraft:obsidian":4,"minecraft:white_wool":43,"minecraft:cobblestone":123,"minecraft:cooked_beef":7,"minecraft:water_bucket":1,"minecraft:jungle_log":346,"minecraft:cut_sandstone":9,"minecraft:leather":5,"alexsmobs:acacia_blossom":11,"minecraft:flint":3,"minecraft:oak_log":97,"minecraft:tuff":12,"create:raw_zinc":5,"minecraft:golden_boots":1,"minecraft:gunpowder":3,"minecraft:wooden_hoe":1,"minecraft:dirt":20,"zombie_extreme:raw_steel":1,"zombie_extreme:dead_body":2,"minecraft:coast_armor_trim_smithing_template":1,"minecraft:bone":9,"minecraft:acacia_planks":5,"minecraft:apple":1,"minecraft:gray_carpet":1,"minecraft:wheat_seeds":6,"minecraft:raw_gold":2,"minecraft:heart_of_the_sea":1,"minecraft:iron_ingot":13,"zombie_extreme:barbed_fence":1,"vs_eureka:white_balloon":4,"lightmanscurrency:coin_iron":15,"tacz:gun_smith_table":1,"alexsmobs:blobfish":2,"minecraft:flowering_azalea":23,"minecraft:iron_sword":1,"minecraft:oak_planks":75,"minecraft:acacia_sapling":33,"minecraft:oak_slab":3,"bakery:strawberry":1,"vs_eureka:oak_ship_helm":2,"minecraft:raw_iron_block":2,"minecraft:gravel":12,"minecraft:sand":16,"minecraft:cyan_bed":3,"minecraft:spider_eye":1,"minecraft:orange_wool":4,"minecraft:bundle":1,"lightmanscurrency:coin_copper":52,"minecraft:oak_wood":2,"biomesoplenty:mahogany_log":22,"biomesoplenty:willow_log":18,"minecraft:diamond":1,"minecraft:chainmail_leggings":12,"lightmanscurrency:coin_gold":5,"minecraft:iron_helmet":1,"zombie_extreme:raw_thorium":1,"minecraft:bread":14,"minecraft:oak_sapling":31,"argentinas_delight:cuernodetoro":2,"minecraft:acacia_slab":13,"minecraft:coal":177,"minecraft:diamond_pickaxe":1},"minecraft:killed_by":{"minecraft:player":4,"minecraft:skeleton":2,"minecraft:zombie":2},"minecraft:mined":{"create:deepslate_zinc_ore":5,"minecraft:tuff":12,"minecraft:deepslate_diamond_ore":1,"biomesoplenty:desert_grass":1,"minecraft:orange_wool":4,"minecraft:obsidian":4,"minecraft:ladder":1,"minecraft:grass_block":6,"zombie_extreme:deepslate_lead":1,"zombie_extreme:deepslate_thorium":1,"zombie_extreme:dead_body":1,"minecraft:acacia_slab":8,"tacz:gun_smith_table":1,"minecraft:sandstone":3,"minecraft:spawner":1,"minecraft:raw_iron_block":2,"minecraft:furnace":2,"minecraft:iron_ore":5,"minecraft:fire":1,"biomesoplenty:high_grass":10,"vs_eureka:white_balloon":4,"minecraft:deepslate_iron_ore":61,"minecraft:stone":121,"minecraft:white_wool":62,"minecraft:spruce_slab":19,"minecraft:deepslate_redstone_ore":7,"minecraft:crafting_table":5,"minecraft:torch":1,"bakery:wild_strawberries":2,"minecraft:calcite":2,"minecraft:tall_grass":1,"vinery:savanna_grape_bush_white":1,"biomesoplenty:high_grass_plant":4,"minecraft:cobblestone":1,"minecraft:cyan_bed":3,"biomesoplenty:willow_log":5,"minecraft:oak_planks":18,"minecraft:sugar_cane":1,"supplementaries:urn":2,"vs_eureka:oak_ship_helm":2,"minecraft:grass":30,"minecraft:coal_ore":39,"minecraft:acacia_fence":1,"minecraft:gravel":14,"minecraft:acacia_door":2,"minecraft:dirt":7,"minecraft:acacia_planks":5,"minecraft:gold_ore":1,"vs_eureka:engine":8,"minecraft:deepslate":10,"minecraft:fern":8}},"DataVersion":3465}