{"stats":{"minecraft:used":{"minecraft:iron_shovel":256,"minecraft:diamond_hoe":163,"minecraft:chest":14,"minecraft:shield":119,"minecraft:iron_sword":8,"minecraft:stone":49,"minecraft:nether_bricks":16,"minecraft:tuff":11,"minecraft:obsidian":10,"minecraft:lava_bucket":41,"minecraft:red_wool":1,"zombie_extreme:green_apple":1,"minecraft:furnace":5,"zombie_extreme:fireaxe":46,"biomesoplenty:willow_log":1,"minecraft:stone_pickaxe":75,"biomesoplenty:willow_planks":1,"create:crimsite":2,"minecraft:wooden_pickaxe":10,"minecraft:diamond_axe":282,"minecraft:jungle_boat":1,"minecraft:blast_furnace":3,"minecraft:crossbow":1,"minecraft:acacia_door":3,"biomesoplenty:willow_door":1,"minecraft:bread":58,"vinery:savanna_grape_seeds_white":2,"minecraft:gravel":9,"minecraft:wooden_sword":124,"minecraft:cobweb":8,"create:limestone":28,"minecraft:stone_sword":49,"minecraft:flint_and_steel":3,"zombie_extreme:m_9_knife":79,"minecraft:netherrack":15,"minecraft:stick":1,"minecraft:torch":128,"minecraft:dirt":512,"minecraft:iron_hoe":206,"minecraft:iron_axe":185,"minecraft:jungle_log":2,"biomesoplenty:orange_sand":2,"minecraft:smooth_quartz":1,"minecraft:totem_of_undying":1,"minecraft:cobbled_deepslate":110,"minecraft:wheat_seeds":567,"minecraft:acacia_boat":3,"minecraft:water_bucket":25,"zombie_extreme:decomposing_backpack":1,"minecraft:blue_wool":1,"zombie_extreme:rotten_apple":1,"minecraft:polished_blackstone_bricks":1,"zombie_extreme:chips":4,"minecraft:tnt":1,"minecraft:crafting_table":10,"minecraft:red_bed":4,"zombie_extreme:washing_machine":1,"minecraft:smoker":1,"minecraft:diamond_pickaxe":1061,"minecraft:diamond_shovel":107,"minecraft:iron_pickaxe":2479,"minecraft:map":1,"minecraft:stone_axe":75,"minecraft:cobblestone":70,"minecraft:cooked_porkchop":9,"minecraft:bucket":72,"alexsmobs:animal_dictionary":7},"minecraft:custom":{"lootr:looted_stat":25,"minecraft:interact_with_crafting_table":79,"minecraft:open_barrel":9,"minecraft:leave_game":13,"minecraft:time_since_death":5091,"minecraft:damage_resisted":128,"minecraft:sprint_one_cm":714916,"minecraft:damage_blocked_by_shield":7575,"minecraft:drop":75,"minecraft:talked_to_villager":1,"minecraft:play_time":564734,"minecraft:deaths":56,"minecraft:jump":5442,"minecraft:walk_on_water_one_cm":76741,"minecraft:interact_with_furnace":161,"minecraft:sleep_in_bed":8,"minecraft:damage_dealt":36529,"minecraft:crouch_one_cm":97828,"minecraft:interact_with_smoker":5,"minecraft:mob_kills":121,"minecraft:damage_dealt_resisted":944,"minecraft:climb_one_cm":24287,"minecraft:walk_one_cm":1043241,"minecraft:damage_dealt_absorbed":47,"minecraft:sneak_time":37974,"minecraft:walk_under_water_one_cm":43876,"minecraft:interact_with_lectern":1,"minecraft:interact_with_blast_furnace":90,"minecraft:total_world_time":564734,"minecraft:time_since_rest":4820,"minecraft:damage_taken":20853,"minecraft:swim_one_cm":44567,"minecraft:fly_one_cm":541629,"minecraft:open_chest":343,"minecraft:fall_one_cm":95100},"minecraft:killed":{"minecraft:witch":1,"zombie_extreme:night_hunter":1,"zombie_extreme:infected_juggernaut":2,"minecraft:skeleton":18,"zombie_extreme:clicker":3,"zombie_extreme:goon":2,"minecraft:illusioner":2,"zombie_extreme:zero_patient":2,"minecraft:creeper":1,"minecraft:pillager":16,"minecraft:zombie":22,"zombie_extreme:infected_police":4,"zombie_extreme:fetus":3,"minecraft:blaze":1,"zombie_extreme:rat_king":1,"minecraft:evoker":1,"minecraft:vex":3,"zombie_extreme:faceless":1,"minecraft:vindicator":8,"zombie_extreme:revived":3,"minecraft:drowned":4,"zombie_extreme:runner":3,"zombie_extreme:infected":1,"zombie_extreme:infected_military":1,"zombie_extreme:devestated":2,"zombie_extreme:assasin_black_ops":5,"minecraft:wither_skeleton":2},"minecraft:broken":{"minecraft:iron_shovel":1,"minecraft:wooden_sword":2,"minecraft:shield":3,"minecraft:iron_axe":2,"minecraft:iron_pickaxe":9},"minecraft:mined":{"create:deepslate_zinc_ore":13,"minecraft:farmland":2,"minecraft:obsidian":16,"minecraft:acacia_log":1,"minecraft:grass_block":311,"zombie_extreme:deepslate_lead":1,"minecraft:jungle_log":2,"vinery:savanna_grape_bush_red":5,"minecraft:polished_blackstone_bricks":2,"minecraft:red_nether_brick_stairs":1,"minecraft:cobbled_deepslate":1,"minecraft:iron_ore":242,"zombie_extreme:decomposing_backpack":3,"minecraft:fire":10,"zombie_extreme:ore_steel":25,"supplementaries:stick":1,"zombie_extreme:deepslate_tin":9,"zombie_extreme:birdsnest":2,"create:limestone":33,"zombie_extreme:washing_machine":1,"vinery:jungle_grape_bush_red":2,"minecraft:soul_wall_torch":1,"minecraft:red_bed":4,"biomesoplenty:glowworm_silk":1,"minecraft:soul_fire":7,"minecraft:torch":29,"minecraft:melon":2,"minecraft:chest":3,"minecraft:white_stained_glass_pane":1,"supplementaries:wild_flax":3,"minecraft:glass":2,"minecraft:cobblestone":15,"vinery:savanna_grape_bush_white":2,"minecraft:sugar_cane":2,"minecraft:wall_torch":14,"minecraft:deepslate_copper_ore":1,"minecraft:seagrass":1,"minecraft:mud":5,"zombie_extreme:thorium_ore":5,"minecraft:wheat":248,"zombie_extreme:deepslate_steel":10,"minecraft:grass":157,"minecraft:dirt":158,"minecraft:smooth_quartz":1,"minecraft:netherrack":15,"minecraft:ancient_debris":5,"create:crimsite":37,"minecraft:oak_leaves":3,"minecraft:deepslate":814,"create:zinc_ore":45,"minecraft:tuff":85,"minecraft:deepslate_diamond_ore":177,"minecraft:nether_brick_wall":1,"minecraft:nether_bricks":17,"minecraft:crimson_roots":1,"zombie_extreme:dead_body":1,"biomesoplenty:mahogany_sapling":6,"minecraft:large_fern":6,"minecraft:hay_block":3,"argentinas_delight:espinacamadura":5,"minecraft:furnace":1,"minecraft:jungle_sapling":1,"zombie_extreme:ore_lead":11,"minecraft:gold_block":1,"minecraft:big_dripleaf_stem":3,"minecraft:bookshelf":6,"zombie_extreme:oil_shale_sand":8,"minecraft:vine":7,"crittersandcompanions:silk_cocoon":1,"minecraft:stone":1430,"zombie_extreme:deepslate_aluminum":4,"minecraft:bone_block":29,"zombie_extreme:ore_aluminum":9,"biomesoplenty:orange_sand":7,"minecraft:crafting_table":2,"bakery:wild_strawberries":2,"minecraft:warped_roots":6,"minecraft:rose_bush":1,"minecraft:copper_ore":15,"minecraft:lapis_ore":2,"minecraft:deepslate_gold_ore":14,"farmersdelight:wild_tomatoes":1,"biomesoplenty:willow_log":20,"minecraft:big_dripleaf":1,"supplementaries:urn":1,"zombie_extreme:ore_tin":38,"biomesoplenty:mahogany_log":7,"minecraft:coal_ore":464,"minecraft:cocoa":3,"vinery:jungle_grape_bush_white":2,"minecraft:gravel":22,"minecraft:cobweb":14,"minecraft:fern":561},"minecraft:picked_up":{"minecraft:wheat":241,"minecraft:potion":1,"bakery:strawberry_seeds":1,"zombie_extreme:baseball_bat":1,"zombie_extreme:police_suit_chestplate":1,"vinery:savanna_grape_seeds_red":10,"zombie_extreme:decomposing_backpack":3,"minecraft:string":14,"minecraft:raw_copper":61,"create:limestone":33,"vinery:savanna_grapes_red":1,"minecraft:cobbled_deepslate":813,"minecraft:gold_nugget":26,"argentinas_delight:tomatitos_cherry":3,"minecraft:smooth_quartz":1,"zombie_extreme:oil_shale":7,"minecraft:melon_slice":14,"vinery:jungle_grape_seeds_white":2,"minecraft:furnace":1,"zombie_extreme:police_suit_helmet":1,"zombie_extreme:raw_aluminum":13,"minecraft:stick":41,"minecraft:big_dripleaf":16,"minecraft:torch":53,"minecraft:acacia_log":9,"lightmanscurrency:coin_emerald":7,"minecraft:rotten_flesh":17,"biomesoplenty:rose_quartz_chunk":1,"biomesoplenty:mahogany_sapling":47,"minecraft:obsidian":16,"minecraft:cobblestone":1287,"minecraft:leather_chestplate":1,"minecraft:jungle_log":37,"minecraft:flint":1,"minecraft:tuff":142,"create:raw_zinc":58,"supplementaries:flax_seeds":3,"minecraft:acacia_boat":2,"minecraft:map":1,"minecraft:dirt":522,"minecraft:lantern":1,"minecraft:bone":30,"zombie_extreme:washing_machine":1,"minecraft:acacia_planks":32,"minecraft:bow":2,"minecraft:wheat_seeds":748,"minecraft:raw_gold":14,"biomesoplenty:mahogany_planks":16,"create:crimsite":39,"biomesoplenty:willow_log":61,"minecraft:diamond":175,"minecraft:crossbow":3,"zombie_extreme:raw_thorium":5,"minecraft:emerald":4,"minecraft:bread":1,"minecraft:netherrack":15,"minecraft:crimson_roots":1,"vinery:savanna_grape_seeds_white":5,"minecraft:cocoa_beans":21,"minecraft:mud":4,"minecraft:crafting_table":2,"minecraft:wooden_pickaxe":1,"zombie_extreme:raw_tin":47,"minecraft:gold_block":1,"minecraft:red_bed":4,"minecraft:jungle_sapling":6,"bossominium:vex_wing":12,"minecraft:sugar_cane":6,"minecraft:chest":4,"crittersandcompanions:clam":4,"minecraft:raw_iron":241,"minecraft:polished_blackstone_bricks":1,"farmersdelight:tomato_seeds":1,"minecraft:carrot":2,"minecraft:redstone":5,"minecraft:arrow":24,"biomesoplenty:willow_sapling":54,"minecraft:nether_bricks":22,"minecraft:hay_block":3,"crittersandcompanions:silk":4,"minecraft:totem_of_undying":1,"biomesoplenty:orange_sand":8,"minecraft:bone_block":29,"zombie_extreme:m_9_knife":1,"vinery:jungle_grape_seeds_red":6,"alexsmobs:cachalot_whale_tooth":1,"minecraft:ancient_debris":5,"minecraft:gunpowder":6,"vinery:savanna_grapes_white":2,"zombie_extreme:raw_steel":35,"zombie_extreme:raw_lead":12,"biomesoplenty:glowing_moss_carpet":1,"zombie_extreme:dead_body":1,"minecraft:red_nether_brick_stairs":2,"zombie_extreme:cloth":1,"lightmanscurrency:coin_iron":121,"minecraft:iron_sword":1,"minecraft:acacia_sapling":3,"minecraft:book":18,"bakery:strawberry":1,"vinery:jungle_grapes_white":2,"minecraft:gravel":25,"argentinas_delight:espinacaitem":9,"minecraft:spider_eye":3,"minecraft:leather_helmet":1,"biomesoplenty:willow_door":7,"lightmanscurrency:coin_copper":289,"biomesoplenty:mahogany_log":278,"lightmanscurrency:coin_gold":19,"minecraft:warped_roots":8,"minecraft:coal":464},"minecraft:crafted":{"minecraft:smooth_stone":9,"minecraft:stone":265,"minecraft:diamond_shovel":1,"minecraft:diamond_helmet":3,"minecraft:diamond_leggings":4,"minecraft:iron_boots":1,"minecraft:chest":12,"minecraft:stone_bricks":204,"zombie_extreme:ignot_aluminum":13,"minecraft:smoker":1,"zombie_extreme:ignotlead":8,"supplementaries:stone_tile":204,"minecraft:cooked_porkchop":4,"minecraft:diamond_axe":1,"minecraft:crafting_table":8,"minecraft:jungle_boat":1,"minecraft:wooden_pickaxe":2,"minecraft:iron_helmet":1,"minecraft:copper_ingot":51,"minecraft:tnt":1,"minecraft:iron_chestplate":1,"minecraft:diamond_pickaxe":6,"minecraft:shield":3,"minecraft:stick":180,"minecraft:iron_ingot":246,"minecraft:iron_pickaxe":10,"minecraft:stone_sword":2,"minecraft:acacia_door":3,"minecraft:gold_ingot":23,"minecraft:shears":1,"minecraft:wooden_sword":3,"minecraft:diamond_hoe":1,"biomesoplenty:mahogany_planks":592,"zombie_extreme:ignot_thorium":5,"zombie_extreme:ignotsteel":30,"minecraft:furnace":8,"minecraft:blast_furnace":3,"minecraft:flint_and_steel":1,"minecraft:iron_axe":4,"minecraft:iron_hoe":1,"minecraft:stone_pickaxe":1,"minecraft:diamond_boots":3,"minecraft:wheat":27,"minecraft:coal_block":46,"zombie_extreme:ignot_tin":41,"minecraft:bucket":7,"biomesoplenty:willow_planks":104,"minecraft:stone_axe":1,"minecraft:jungle_planks":120,"minecraft:acacia_boat":1,"minecraft:bread":59,"minecraft:air":0,"minecraft:iron_shovel":1,"minecraft:iron_leggings":1,"minecraft:acacia_planks":36,"minecraft:torch":76,"biomesoplenty:willow_door":3,"create:zinc_ingot":58,"minecraft:diamond_chestplate":3},"minecraft:dropped":{"biomesoplenty:willow_sapling":36,"minecraft:warped_roots":8,"minecraft:lantern":1,"biomesoplenty:rose_quartz_chunk":1,"biomesoplenty:willow_log":7,"create:crimsite":37,"zombie_extreme:kitchen_knife":1,"minecraft:leather_helmet":1,"minecraft:crimson_roots":1,"zombie_extreme:baseball_bat":2,"minecraft:wooden_sword":1,"minecraft:iron_pickaxe":1,"minecraft:stone_axe":1,"zombie_extreme:police_suit_chestplate":1,"minecraft:wheat":2,"minecraft:rotten_flesh":2,"zombie_extreme:dead_body":1,"biomesoplenty:glowing_moss_carpet":1,"minecraft:leather_chestplate":1,"vinery:savanna_grape_seeds_white":2,"zombie_extreme:golf_club":1,"minecraft:jungle_log":5,"create:limestone":5,"minecraft:chest":2,"zombie_extreme:butcher_knife":2,"biomesoplenty:willow_door":9,"argentinas_delight:espinacaitem":3,"farmersdelight:tomato_seeds":1,"minecraft:bread":1,"minecraft:wheat_seeds":5,"minecraft:iron_helmet":1,"minecraft:cobblestone":2,"biomesoplenty:orange_sand":2,"minecraft:iron_leggings":1,"minecraft:iron_axe":1,"minecraft:mud":4,"minecraft:acacia_planks":32,"vinery:savanna_grape_seeds_red":10,"minecraft:stone_sword":2,"minecraft:bowl":2,"minecraft:tuff":57,"minecraft:iron_boots":1,"minecraft:iron_hoe":1,"minecraft:name_tag":1,"minecraft:nether_bricks":6,"minecraft:shears":1,"minecraft:red_nether_brick_stairs":1,"minecraft:big_dripleaf":16,"minecraft:iron_chestplate":1,"zombie_extreme:police_suit_helmet":1,"biomesoplenty:willow_planks":1,"vinery:savanna_grapes_white":2,"minecraft:stone_pickaxe":1,"minecraft:wooden_pickaxe":3,"minecraft:globe_banner_pattern":1},"minecraft:killed_by":{"zombie_extreme:assasin_black_ops":1,"minecraft:blaze":3,"minecraft:zombie":11,"minecraft:vex":2,"minecraft:skeleton":3,"cave_dweller:cave_dweller":1}},"DataVersion":3465}