{"stats":{"minecraft:mined":{"create:zinc_ore":19,"minecraft:acacia_log":1,"minecraft:grass_block":125,"minecraft:jungle_log":2,"vinery:savanna_grape_bush_red":5,"zombie_extreme:dead_body":1,"biomesoplenty:mahogany_sapling":6,"minecraft:hay_block":3,"argentinas_delight:espinacamadura":5,"minecraft:furnace":1,"minecraft:jungle_sapling":1,"zombie_extreme:ore_lead":2,"minecraft:iron_ore":136,"zombie_extreme:decomposing_backpack":3,"zombie_extreme:ore_steel":16,"minecraft:bookshelf":6,"supplementaries:stick":1,"zombie_extreme:oil_shale_sand":8,"minecraft:vine":6,"minecraft:stone":680,"zombie_extreme:birdsnest":2,"create:limestone":12,"zombie_extreme:washing_machine":1,"zombie_extreme:ore_aluminum":7,"vinery:jungle_grape_bush_red":1,"minecraft:red_bed":4,"minecraft:torch":4,"minecraft:crafting_table":1,"minecraft:melon":2,"minecraft:chest":2,"minecraft:rose_bush":1,"minecraft:copper_ore":14,"minecraft:glass":2,"minecraft:cobblestone":4,"vinery:savanna_grape_bush_white":2,"farmersdelight:wild_tomatoes":1,"biomesoplenty:willow_log":20,"minecraft:sugar_cane":2,"minecraft:wall_torch":4,"minecraft:seagrass":1,"zombie_extreme:ore_tin":28,"biomesoplenty:mahogany_log":7,"minecraft:wheat":6,"minecraft:grass":11,"minecraft:coal_ore":324,"minecraft:cocoa":3,"minecraft:dirt":58,"minecraft:cobweb":14,"create:crimsite":20,"minecraft:oak_leaves":3,"minecraft:fern":63},"minecraft:picked_up":{"vinery:savanna_grape_seeds_white":5,"minecraft:cocoa_beans":21,"minecraft:crafting_table":1,"minecraft:wheat":6,"minecraft:wooden_pickaxe":1,"zombie_extreme:raw_tin":28,"minecraft:potion":1,"zombie_extreme:baseball_bat":1,"vinery:savanna_grape_seeds_red":10,"zombie_extreme:decomposing_backpack":3,"minecraft:string":14,"minecraft:red_bed":4,"minecraft:raw_copper":51,"create:limestone":12,"vinery:savanna_grapes_red":1,"argentinas_delight:tomatitos_cherry":1,"minecraft:jungle_sapling":5,"zombie_extreme:oil_shale":7,"minecraft:melon_slice":14,"minecraft:sugar_cane":6,"minecraft:chest":3,"crittersandcompanions:clam":4,"minecraft:furnace":1,"zombie_extreme:raw_aluminum":7,"minecraft:stick":41,"minecraft:raw_iron":136,"minecraft:torch":12,"minecraft:acacia_log":9,"farmersdelight:tomato_seeds":1,"minecraft:carrot":2,"minecraft:redstone":4,"minecraft:rotten_flesh":14,"minecraft:arrow":19,"biomesoplenty:willow_sapling":54,"biomesoplenty:mahogany_sapling":47,"minecraft:hay_block":3,"biomesoplenty:orange_sand":1,"minecraft:cobblestone":697,"minecraft:jungle_log":37,"vinery:jungle_grape_seeds_red":2,"alexsmobs:cachalot_whale_tooth":1,"create:raw_zinc":19,"minecraft:gunpowder":4,"minecraft:acacia_boat":2,"vinery:savanna_grapes_white":2,"minecraft:dirt":233,"minecraft:lantern":1,"zombie_extreme:raw_steel":16,"zombie_extreme:raw_lead":2,"zombie_extreme:dead_body":1,"minecraft:bone":19,"zombie_extreme:washing_machine":1,"minecraft:acacia_planks":32,"minecraft:bow":2,"minecraft:wheat_seeds":34,"zombie_extreme:cloth":1,"lightmanscurrency:coin_iron":62,"minecraft:acacia_sapling":3,"minecraft:book":18,"argentinas_delight:espinacaitem":9,"biomesoplenty:willow_door":7,"lightmanscurrency:coin_copper":133,"biomesoplenty:mahogany_log":276,"create:crimsite":22,"biomesoplenty:willow_log":61,"minecraft:coal":323},"minecraft:crafted":{"minecraft:wooden_sword":3,"minecraft:smooth_stone":9,"biomesoplenty:mahogany_planks":156,"zombie_extreme:ignotsteel":11,"minecraft:furnace":8,"minecraft:blast_furnace":3,"minecraft:stone":39,"minecraft:iron_boots":1,"minecraft:iron_axe":3,"minecraft:iron_hoe":1,"minecraft:stone_pickaxe":1,"minecraft:chest":8,"zombie_extreme:ignot_aluminum":7,"minecraft:smoker":1,"minecraft:wheat":27,"zombie_extreme:ignot_tin":28,"zombie_extreme:ignotlead":2,"minecraft:cooked_porkchop":4,"minecraft:crafting_table":6,"minecraft:wooden_pickaxe":2,"minecraft:iron_helmet":1,"minecraft:copper_ingot":34,"minecraft:bucket":3,"minecraft:stone_axe":1,"biomesoplenty:willow_planks":104,"minecraft:bread":12,"minecraft:acacia_boat":1,"minecraft:air":0,"minecraft:jungle_planks":80,"minecraft:iron_chestplate":1,"minecraft:shield":2,"minecraft:stick":52,"minecraft:iron_ingot":141,"minecraft:iron_pickaxe":5,"minecraft:iron_shovel":1,"minecraft:stone_sword":2,"minecraft:acacia_door":3,"minecraft:iron_leggings":1,"minecraft:acacia_planks":36,"minecraft:torch":68,"biomesoplenty:willow_door":3,"create:zinc_ingot":19,"minecraft:shears":1},"minecraft:killed_by":{"zombie_extreme:assasin_black_ops":1,"minecraft:skeleton":3,"minecraft:zombie":5},"minecraft:broken":{"minecraft:shield":1,"minecraft:iron_axe":2,"minecraft:wooden_sword":2,"minecraft:iron_pickaxe":4},"minecraft:custom":{"lootr:looted_stat":18,"minecraft:mob_kills":53,"minecraft:interact_with_crafting_table":54,"minecraft:open_barrel":9,"minecraft:damage_dealt_resisted":86,"minecraft:leave_game":5,"minecraft:time_since_death":9250,"minecraft:climb_one_cm":5116,"minecraft:sprint_one_cm":316821,"minecraft:walk_one_cm":369487,"minecraft:damage_blocked_by_shield":4410,"minecraft:drop":44,"minecraft:damage_dealt_absorbed":47,"minecraft:talked_to_villager":1,"minecraft:play_time":210564,"minecraft:sneak_time":15592,"minecraft:deaths":26,"minecraft:walk_under_water_one_cm":35614,"minecraft:jump":2209,"minecraft:interact_with_blast_furnace":50,"minecraft:walk_on_water_one_cm":54746,"minecraft:total_world_time":210564,"minecraft:interact_with_furnace":91,"minecraft:sleep_in_bed":4,"minecraft:time_since_rest":9278,"minecraft:damage_taken":8911,"minecraft:damage_dealt":15556,"minecraft:swim_one_cm":28014,"minecraft:fly_one_cm":258885,"minecraft:open_chest":106,"minecraft:crouch_one_cm":38211,"minecraft:interact_with_smoker":5,"minecraft:fall_one_cm":38569},"minecraft:used":{"create:limestone":7,"minecraft:stone_sword":49,"minecraft:iron_shovel":139,"minecraft:chest":9,"minecraft:shield":73,"minecraft:stone":27,"minecraft:stick":1,"minecraft:torch":75,"minecraft:dirt":181,"minecraft:iron_hoe":40,"minecraft:lava_bucket":4,"minecraft:iron_axe":169,"minecraft:jungle_log":2,"zombie_extreme:green_apple":1,"minecraft:furnace":5,"minecraft:wheat_seeds":16,"zombie_extreme:fireaxe":3,"minecraft:acacia_boat":3,"minecraft:water_bucket":6,"biomesoplenty:willow_log":1,"zombie_extreme:decomposing_backpack":1,"biomesoplenty:willow_planks":1,"minecraft:stone_pickaxe":75,"create:crimsite":2,"minecraft:wooden_pickaxe":10,"zombie_extreme:rotten_apple":1,"zombie_extreme:chips":4,"minecraft:crafting_table":7,"minecraft:red_bed":4,"minecraft:blast_furnace":3,"zombie_extreme:washing_machine":1,"minecraft:smoker":1,"minecraft:acacia_door":3,"biomesoplenty:willow_door":1,"minecraft:bread":13,"minecraft:iron_pickaxe":1198,"vinery:savanna_grape_seeds_white":2,"minecraft:stone_axe":75,"minecraft:wooden_sword":124,"minecraft:cobblestone":6,"minecraft:cooked_porkchop":2,"minecraft:bucket":12,"alexsmobs:animal_dictionary":6,"minecraft:cobweb":8},"minecraft:dropped":{"farmersdelight:tomato_seeds":1,"biomesoplenty:willow_sapling":36,"minecraft:lantern":1,"biomesoplenty:willow_log":7,"create:crimsite":20,"zombie_extreme:kitchen_knife":1,"biomesoplenty:orange_sand":1,"zombie_extreme:baseball_bat":2,"minecraft:wooden_sword":1,"minecraft:acacia_planks":32,"vinery:savanna_grape_seeds_red":10,"minecraft:stone_axe":1,"minecraft:stone_sword":2,"minecraft:bowl":2,"minecraft:wheat":2,"minecraft:rotten_flesh":2,"zombie_extreme:dead_body":1,"minecraft:shears":1,"vinery:savanna_grape_seeds_white":2,"zombie_extreme:golf_club":1,"minecraft:jungle_log":5,"zombie_extreme:butcher_knife":2,"minecraft:chest":2,"create:limestone":5,"biomesoplenty:willow_planks":1,"vinery:savanna_grapes_white":2,"minecraft:wooden_pickaxe":3,"minecraft:stone_pickaxe":1,"biomesoplenty:willow_door":9,"argentinas_delight:espinacaitem":3},"minecraft:killed":{"minecraft:witch":1,"zombie_extreme:night_hunter":1,"minecraft:skeleton":12,"zombie_extreme:revived":2,"zombie_extreme:clicker":2,"zombie_extreme:goon":1,"minecraft:drowned":4,"zombie_extreme:runner":1,"zombie_extreme:infected_military":1,"zombie_extreme:infected":1,"zombie_extreme:zero_patient":1,"minecraft:creeper":1,"zombie_extreme:devestated":2,"minecraft:zombie":12,"zombie_extreme:infected_police":2,"zombie_extreme:assasin_black_ops":2,"zombie_extreme:fetus":2,"zombie_extreme:rat_king":1}},"DataVersion":3465}