{"stats":{"minecraft:used":{"create:limestone":7,"minecraft:stone_sword":49,"minecraft:iron_shovel":141,"minecraft:chest":14,"minecraft:shield":75,"minecraft:stone":49,"minecraft:stick":1,"minecraft:torch":107,"minecraft:dirt":242,"minecraft:iron_hoe":122,"minecraft:lava_bucket":4,"minecraft:iron_axe":169,"minecraft:jungle_log":2,"zombie_extreme:green_apple":1,"minecraft:furnace":5,"minecraft:wheat_seeds":89,"zombie_extreme:fireaxe":46,"minecraft:acacia_boat":3,"minecraft:water_bucket":6,"biomesoplenty:willow_log":1,"zombie_extreme:decomposing_backpack":1,"biomesoplenty:willow_planks":1,"minecraft:stone_pickaxe":75,"create:crimsite":2,"minecraft:wooden_pickaxe":10,"zombie_extreme:rotten_apple":1,"minecraft:jungle_boat":1,"zombie_extreme:chips":4,"minecraft:crafting_table":9,"minecraft:blast_furnace":3,"minecraft:red_bed":4,"zombie_extreme:washing_machine":1,"minecraft:smoker":1,"minecraft:acacia_door":3,"biomesoplenty:willow_door":1,"minecraft:bread":13,"minecraft:iron_pickaxe":1638,"minecraft:gravel":1,"vinery:savanna_grape_seeds_white":2,"minecraft:stone_axe":75,"minecraft:cobblestone":6,"minecraft:wooden_sword":124,"minecraft:cooked_porkchop":3,"minecraft:bucket":12,"alexsmobs:animal_dictionary":6,"minecraft:cobweb":8},"minecraft:custom":{"lootr:looted_stat":18,"minecraft:mob_kills":57,"minecraft:interact_with_crafting_table":62,"minecraft:open_barrel":9,"minecraft:damage_dealt_resisted":86,"minecraft:leave_game":6,"minecraft:time_since_death":23446,"minecraft:climb_one_cm":6016,"minecraft:sprint_one_cm":409595,"minecraft:walk_one_cm":462600,"minecraft:damage_blocked_by_shield":4455,"minecraft:drop":44,"minecraft:damage_dealt_absorbed":47,"minecraft:talked_to_villager":1,"minecraft:play_time":252026,"minecraft:sneak_time":17933,"minecraft:deaths":27,"minecraft:walk_under_water_one_cm":36088,"minecraft:jump":2716,"minecraft:interact_with_blast_furnace":59,"minecraft:walk_on_water_one_cm":57917,"minecraft:total_world_time":252026,"minecraft:interact_with_furnace":101,"minecraft:sleep_in_bed":4,"minecraft:time_since_rest":23472,"minecraft:damage_taken":9264,"minecraft:damage_dealt":16916,"minecraft:swim_one_cm":39539,"minecraft:fly_one_cm":320050,"minecraft:open_chest":144,"minecraft:crouch_one_cm":42623,"minecraft:interact_with_smoker":5,"minecraft:fall_one_cm":46786},"minecraft:killed":{"minecraft:witch":1,"zombie_extreme:night_hunter":1,"zombie_extreme:infected_juggernaut":1,"minecraft:skeleton":12,"zombie_extreme:revived":2,"zombie_extreme:clicker":2,"zombie_extreme:goon":2,"minecraft:drowned":4,"zombie_extreme:runner":2,"zombie_extreme:infected_military":1,"zombie_extreme:infected":1,"zombie_extreme:zero_patient":1,"minecraft:creeper":1,"zombie_extreme:devestated":2,"minecraft:zombie":13,"zombie_extreme:infected_police":2,"zombie_extreme:assasin_black_ops":2,"zombie_extreme:fetus":2,"zombie_extreme:rat_king":1},"minecraft:broken":{"minecraft:shield":1,"minecraft:iron_axe":2,"minecraft:wooden_sword":2,"minecraft:iron_pickaxe":6},"minecraft:picked_up":{"vinery:savanna_grape_seeds_white":5,"minecraft:cocoa_beans":21,"minecraft:crafting_table":2,"minecraft:wheat":8,"minecraft:wooden_pickaxe":1,"zombie_extreme:raw_tin":33,"minecraft:potion":1,"bakery:strawberry_seeds":1,"zombie_extreme:baseball_bat":1,"vinery:savanna_grape_seeds_red":10,"zombie_extreme:decomposing_backpack":3,"minecraft:string":14,"minecraft:red_bed":4,"minecraft:raw_copper":51,"create:limestone":17,"vinery:savanna_grapes_red":1,"argentinas_delight:tomatitos_cherry":3,"minecraft:jungle_sapling":6,"zombie_extreme:oil_shale":7,"minecraft:melon_slice":14,"minecraft:sugar_cane":6,"minecraft:chest":4,"crittersandcompanions:clam":4,"vinery:jungle_grape_seeds_white":2,"minecraft:furnace":1,"zombie_extreme:raw_aluminum":9,"minecraft:stick":41,"minecraft:raw_iron":176,"minecraft:torch":36,"minecraft:acacia_log":9,"farmersdelight:tomato_seeds":1,"minecraft:carrot":2,"minecraft:redstone":4,"minecraft:arrow":19,"minecraft:rotten_flesh":15,"biomesoplenty:willow_sapling":54,"biomesoplenty:mahogany_sapling":47,"minecraft:hay_block":3,"biomesoplenty:orange_sand":1,"minecraft:cobblestone":909,"minecraft:jungle_log":37,"vinery:jungle_grape_seeds_red":4,"alexsmobs:cachalot_whale_tooth":1,"create:raw_zinc":29,"supplementaries:flax_seeds":3,"minecraft:gunpowder":4,"minecraft:acacia_boat":2,"minecraft:lantern":1,"vinery:savanna_grapes_white":2,"minecraft:dirt":246,"zombie_extreme:raw_steel":16,"zombie_extreme:raw_lead":5,"zombie_extreme:dead_body":1,"minecraft:bone":19,"minecraft:acacia_planks":32,"zombie_extreme:washing_machine":1,"minecraft:bow":2,"minecraft:wheat_seeds":90,"zombie_extreme:cloth":1,"biomesoplenty:mahogany_planks":16,"lightmanscurrency:coin_iron":62,"minecraft:acacia_sapling":3,"minecraft:book":18,"bakery:strawberry":1,"vinery:jungle_grapes_white":2,"minecraft:gravel":8,"argentinas_delight:espinacaitem":9,"biomesoplenty:willow_door":7,"lightmanscurrency:coin_copper":141,"biomesoplenty:mahogany_log":276,"create:crimsite":39,"biomesoplenty:willow_log":61,"zombie_extreme:raw_thorium":5,"minecraft:coal":463},"minecraft:mined":{"create:zinc_ore":29,"minecraft:acacia_log":1,"minecraft:grass_block":126,"minecraft:jungle_log":2,"vinery:savanna_grape_bush_red":5,"zombie_extreme:dead_body":1,"biomesoplenty:mahogany_sapling":6,"minecraft:large_fern":6,"minecraft:hay_block":3,"argentinas_delight:espinacamadura":5,"minecraft:furnace":1,"minecraft:jungle_sapling":1,"minecraft:iron_ore":176,"zombie_extreme:ore_lead":5,"zombie_extreme:decomposing_backpack":3,"zombie_extreme:ore_steel":16,"minecraft:bookshelf":6,"supplementaries:stick":1,"zombie_extreme:oil_shale_sand":8,"minecraft:vine":6,"minecraft:stone":890,"zombie_extreme:birdsnest":2,"create:limestone":17,"zombie_extreme:washing_machine":1,"zombie_extreme:ore_aluminum":9,"vinery:jungle_grape_bush_red":2,"minecraft:red_bed":4,"minecraft:crafting_table":2,"minecraft:torch":16,"bakery:wild_strawberries":2,"minecraft:melon":2,"minecraft:chest":3,"minecraft:rose_bush":1,"supplementaries:wild_flax":3,"minecraft:copper_ore":14,"minecraft:glass":2,"vinery:savanna_grape_bush_white":2,"minecraft:cobblestone":4,"farmersdelight:wild_tomatoes":1,"minecraft:sugar_cane":2,"biomesoplenty:willow_log":20,"minecraft:wall_torch":12,"minecraft:seagrass":1,"zombie_extreme:ore_tin":33,"zombie_extreme:thorium_ore":5,"biomesoplenty:mahogany_log":7,"minecraft:wheat":8,"minecraft:grass":152,"minecraft:coal_ore":464,"minecraft:cocoa":3,"vinery:jungle_grape_bush_white":2,"minecraft:gravel":4,"minecraft:dirt":69,"minecraft:cobweb":14,"create:crimsite":37,"minecraft:oak_leaves":3,"minecraft:fern":517},"minecraft:crafted":{"minecraft:wooden_sword":3,"minecraft:smooth_stone":9,"biomesoplenty:mahogany_planks":592,"zombie_extreme:ignotsteel":11,"minecraft:furnace":8,"minecraft:blast_furnace":3,"minecraft:stone":265,"minecraft:iron_boots":1,"minecraft:iron_axe":3,"minecraft:iron_hoe":1,"minecraft:stone_pickaxe":1,"minecraft:chest":12,"minecraft:stone_bricks":204,"minecraft:smoker":1,"zombie_extreme:ignot_aluminum":7,"minecraft:wheat":27,"minecraft:coal_block":46,"zombie_extreme:ignot_tin":28,"zombie_extreme:ignotlead":2,"supplementaries:stone_tile":204,"minecraft:cooked_porkchop":4,"minecraft:crafting_table":7,"minecraft:jungle_boat":1,"minecraft:wooden_pickaxe":2,"minecraft:iron_helmet":1,"minecraft:copper_ingot":51,"minecraft:bucket":3,"minecraft:stone_axe":1,"biomesoplenty:willow_planks":104,"minecraft:bread":12,"minecraft:acacia_boat":1,"minecraft:air":0,"minecraft:jungle_planks":120,"minecraft:iron_chestplate":1,"minecraft:shield":2,"minecraft:stick":52,"minecraft:iron_ingot":148,"minecraft:iron_pickaxe":8,"minecraft:stone_sword":2,"minecraft:acacia_door":3,"minecraft:iron_shovel":1,"minecraft:iron_leggings":1,"minecraft:acacia_planks":36,"minecraft:torch":76,"biomesoplenty:willow_door":3,"create:zinc_ingot":19,"minecraft:shears":1},"minecraft:dropped":{"farmersdelight:tomato_seeds":1,"biomesoplenty:willow_sapling":36,"minecraft:lantern":1,"biomesoplenty:willow_log":7,"create:crimsite":20,"zombie_extreme:kitchen_knife":1,"biomesoplenty:orange_sand":1,"zombie_extreme:baseball_bat":2,"minecraft:wooden_sword":1,"minecraft:acacia_planks":32,"vinery:savanna_grape_seeds_red":10,"minecraft:stone_axe":1,"minecraft:stone_sword":2,"minecraft:bowl":2,"minecraft:wheat":2,"minecraft:rotten_flesh":2,"zombie_extreme:dead_body":1,"minecraft:shears":1,"vinery:savanna_grape_seeds_white":2,"zombie_extreme:golf_club":1,"minecraft:jungle_log":5,"zombie_extreme:butcher_knife":2,"minecraft:chest":2,"create:limestone":5,"biomesoplenty:willow_planks":1,"vinery:savanna_grapes_white":2,"minecraft:stone_pickaxe":1,"minecraft:wooden_pickaxe":3,"biomesoplenty:willow_door":9,"argentinas_delight:espinacaitem":3},"minecraft:killed_by":{"zombie_extreme:assasin_black_ops":1,"minecraft:skeleton":3,"minecraft:zombie":5}},"DataVersion":3465}