{"stats":{"minecraft:used":{"minecraft:beetroot":7,"minecraft:iron_shovel":145,"minecraft:ladder":2,"minecraft:cooked_salmon":1,"minecraft:rotten_flesh":9,"minecraft:dirt":36,"minecraft:iron_hoe":1,"minecraft:acacia_planks":42,"zombie_extreme:fireaxe":23,"minecraft:acacia_boat":1,"zombie_extreme:decomposing_backpack":1,"minecraft:stone_pickaxe":43,"minecraft:leather_chestplate":1,"minecraft:chainmail_helmet":1,"minecraft:leather_boots":1,"minecraft:crafting_table":2,"minecraft:bread":7,"minecraft:melon_slice":15,"minecraft:cyan_bed":2,"zombie_extreme:baseball_bat":1,"minecraft:golden_leggings":1,"minecraft:stone_axe":91,"minecraft:cobblestone":4},"minecraft:custom":{"lootr:looted_stat":17,"minecraft:mob_kills":33,"minecraft:interact_with_crafting_table":8,"minecraft:open_barrel":2,"minecraft:leave_game":1,"minecraft:time_since_death":36408,"minecraft:climb_one_cm":24439,"minecraft:sprint_one_cm":81346,"minecraft:walk_one_cm":223633,"minecraft:drop":78,"minecraft:play_time":93393,"minecraft:deaths":3,"minecraft:sneak_time":10782,"minecraft:walk_under_water_one_cm":11026,"minecraft:boat_one_cm":43987,"minecraft:jump":778,"minecraft:walk_on_water_one_cm":59366,"minecraft:total_world_time":93393,"minecraft:interact_with_furnace":8,"minecraft:tune_noteblock":4,"minecraft:sleep_in_bed":3,"minecraft:time_since_rest":11425,"minecraft:damage_taken":1842,"minecraft:damage_dealt":7285,"minecraft:swim_one_cm":15974,"minecraft:fly_one_cm":53381,"minecraft:crouch_one_cm":25111,"minecraft:fall_one_cm":13028},"minecraft:killed":{"alexsmobs:lobster":1,"minecraft:spider":1,"zombie_extreme:divided":1,"minecraft:skeleton":6,"minecraft:chicken":1,"minecraft:husk":8,"zombie_extreme:infected":1,"alexsmobs:seal":1,"minecraft:creeper":1,"zombie_extreme:devestated":1,"minecraft:zombie":7,"zombie_extreme:assasin_black_ops":2},"minecraft:broken":{"minecraft:stone_axe":1},"minecraft:mined":{"biomesoplenty:spanish_moss":4,"minecraft:spruce_trapdoor":2,"minecraft:ladder":6,"minecraft:acacia_log":9,"minecraft:grass_block":14,"zombie_extreme:dead_body":1,"zombie_extreme:shelf":1,"minecraft:coal_block":2,"zombie_extreme:trash_bucket":1,"biomesoplenty:willow_planks":3,"minecraft:spawner":1,"argentinas_delight:espinacamadura":7,"zombie_extreme:wooden_barricades":2,"zombie_extreme:decomposing_backpack":2,"minecraft:dark_oak_stairs":1,"minecraft:cobblestone_slab":1,"zombie_extreme:oil_shale_sand":3,"minecraft:oak_stairs":1,"zombie_extreme:fridge":1,"minecraft:stone":14,"zombie_extreme:radio_installation":1,"biomesoplenty:willow_leaves":3,"zombie_extreme:washing_machine":1,"minecraft:oak_slab":9,"minecraft:birch_stairs":2,"minecraft:acacia_leaves":1,"minecraft:crafting_table":2,"minecraft:blast_furnace":3,"minecraft:calcite":5,"zombie_extreme:cupboard":1,"minecraft:melon":3,"minecraft:nether_brick_slab":4,"zombie_extreme:barbed_fence":2,"minecraft:cobblestone":4,"farmersdelight:wild_tomatoes":3,"minecraft:cyan_bed":4,"zombie_extreme:medicine_box":1,"biomesoplenty:willow_log":1,"minecraft:jukebox":1,"minecraft:grass":29,"minecraft:coal_ore":1,"minecraft:sand":3,"minecraft:dirt":37,"minecraft:cobweb":1,"minecraft:acacia_planks":16,"minecraft:stone_bricks":1,"minecraft:fern":40},"minecraft:picked_up":{"zombie_extreme:wooden_barricades":1,"minecraft:crafting_table":2,"minecraft:chicken":3,"minecraft:ladder":6,"minecraft:oak_stairs":1,"zombie_extreme:baseball_bat":2,"zombie_extreme:decomposing_backpack":3,"minecraft:string":1,"minecraft:cooked_salmon":1,"minecraft:iron_shovel":1,"biomesoplenty:willow_planks":3,"minecraft:cobblestone_slab":2,"minecraft:calcite":2,"zombie_extreme:oil_shale":3,"minecraft:melon_slice":16,"minecraft:coal_block":2,"minecraft:spruce_trapdoor":3,"minecraft:stick":2,"minecraft:jukebox":1,"minecraft:acacia_log":8,"farmersdelight:tomato_seeds":4,"zombie_extreme:radio_installation":1,"minecraft:arrow":17,"zombie_extreme:cupboard":1,"minecraft:rotten_flesh":15,"zombie_extreme:rotten_apple":1,"minecraft:cobblestone":24,"minecraft:feather":2,"minecraft:golden_leggings":1,"minecraft:lily_pad":1,"minecraft:acacia_boat":1,"farmersdelight:tomato":2,"minecraft:dirt":42,"zombie_extreme:dead_body":1,"minecraft:bone":10,"minecraft:acacia_planks":13,"zombie_extreme:washing_machine":1,"minecraft:stone_bricks":2,"minecraft:wheat_seeds":10,"minecraft:stone_pickaxe":1,"zombie_extreme:barbed_fence":2,"zombie_extreme:medicine_box":1,"zombie_extreme:cloth":1,"lightmanscurrency:coin_iron":13,"zombie_extreme:fridge":1,"zombie_extreme:metal_fence":2,"minecraft:dark_oak_stairs":1,"minecraft:oak_slab":3,"minecraft:cooked_porkchop":1,"minecraft:gravel":1,"zombie_extreme:trash_bucket":1,"minecraft:blast_furnace":3,"argentinas_delight:espinacaitem":21,"minecraft:nether_brick_slab":4,"minecraft:cyan_bed":6,"lightmanscurrency:coin_copper":69,"biomesoplenty:willow_log":1,"minecraft:bread":4,"minecraft:coal":8},"minecraft:crafted":{"minecraft:stone":1,"minecraft:crafting_table":1,"minecraft:stone_axe":2,"biomesoplenty:willow_planks":4,"minecraft:bread":1,"minecraft:stick":4,"minecraft:acacia_planks":32},"minecraft:dropped":{"farmersdelight:tomato_seeds":4,"zombie_extreme:fireaxe":1,"minecraft:bread":2,"minecraft:oak_slab":3,"minecraft:dark_oak_stairs":1,"minecraft:wheat_seeds":11,"minecraft:cobblestone":2,"minecraft:coal":7,"zombie_extreme:rotten_apple":2,"minecraft:dirt":6,"minecraft:melon_slice":1,"minecraft:potion":1,"minecraft:bone_meal":8,"minecraft:string":1,"minecraft:lily_pad":1,"minecraft:acacia_planks":1,"minecraft:bone":8,"zombie_extreme:radio_installation":1,"minecraft:gravel":1,"minecraft:nether_brick_slab":4,"minecraft:wheat":5,"minecraft:chicken":3,"minecraft:rotten_flesh":5,"minecraft:iron_hoe":1,"zombie_extreme:dead_body":1,"minecraft:spruce_trapdoor":3,"zombie_extreme:oil_shale":3,"minecraft:ladder":4,"minecraft:stone_bricks":2,"minecraft:arrow":16,"minecraft:calcite":2,"minecraft:cyan_bed":3,"argentinas_delight:espinacaitem":21}},"DataVersion":3465}