{"stats":{"minecraft:used":{"minecraft:beetroot":7,"minecraft:iron_shovel":122,"zombie_extreme:decomposing_backpack":1,"minecraft:stone_pickaxe":24,"minecraft:ladder":1,"minecraft:rotten_flesh":9,"minecraft:dirt":36,"minecraft:crafting_table":1,"minecraft:melon_slice":3,"minecraft:bread":6,"minecraft:stone_axe":80,"minecraft:cobblestone":4,"minecraft:acacia_planks":6},"minecraft:custom":{"lootr:looted_stat":9,"minecraft:interact_with_furnace":8,"minecraft:mob_kills":27,"minecraft:tune_noteblock":4,"minecraft:interact_with_crafting_table":4,"minecraft:time_since_death":408,"minecraft:leave_game":1,"minecraft:climb_one_cm":18306,"minecraft:time_since_rest":441,"minecraft:sprint_one_cm":32803,"minecraft:damage_taken":1480,"minecraft:walk_one_cm":141471,"minecraft:drop":40,"minecraft:damage_dealt":6520,"minecraft:fly_one_cm":31034,"minecraft:crouch_one_cm":19983,"minecraft:play_time":57393,"minecraft:sneak_time":8174,"minecraft:deaths":3,"minecraft:jump":484,"minecraft:walk_on_water_one_cm":12167,"minecraft:total_world_time":57393,"minecraft:fall_one_cm":9160},"minecraft:killed":{"minecraft:husk":7,"alexsmobs:seal":1,"minecraft:spider":1,"minecraft:creeper":1,"zombie_extreme:divided":1,"minecraft:skeleton":4,"zombie_extreme:devestated":1,"minecraft:zombie":7,"minecraft:chicken":1,"zombie_extreme:assasin_black_ops":1},"minecraft:broken":{"minecraft:stone_axe":1},"minecraft:picked_up":{"zombie_extreme:wooden_barricades":1,"minecraft:crafting_table":1,"minecraft:feather":2,"minecraft:chicken":3,"minecraft:ladder":1,"minecraft:oak_stairs":1,"zombie_extreme:decomposing_backpack":2,"farmersdelight:tomato":2,"minecraft:dirt":42,"zombie_extreme:dead_body":1,"minecraft:iron_shovel":1,"minecraft:bone":7,"minecraft:acacia_planks":1,"zombie_extreme:washing_machine":1,"minecraft:stone_bricks":2,"biomesoplenty:willow_planks":3,"minecraft:wheat_seeds":10,"minecraft:calcite":2,"zombie_extreme:barbed_fence":2,"minecraft:stone_pickaxe":1,"minecraft:cobblestone_slab":2,"zombie_extreme:oil_shale":3,"minecraft:melon_slice":16,"lightmanscurrency:coin_iron":13,"minecraft:coal_block":2,"zombie_extreme:metal_fence":2,"minecraft:spruce_trapdoor":3,"minecraft:dark_oak_stairs":1,"minecraft:stick":2,"minecraft:cooked_porkchop":1,"minecraft:jukebox":1,"minecraft:acacia_log":8,"zombie_extreme:trash_bucket":1,"farmersdelight:tomato_seeds":4,"minecraft:blast_furnace":3,"minecraft:nether_brick_slab":4,"argentinas_delight:espinacaitem":21,"minecraft:cyan_bed":3,"lightmanscurrency:coin_copper":63,"minecraft:arrow":5,"minecraft:rotten_flesh":15,"biomesoplenty:willow_log":1,"zombie_extreme:rotten_apple":1,"minecraft:bread":4,"minecraft:coal":8,"minecraft:cobblestone":9},"minecraft:mined":{"zombie_extreme:washing_machine":1,"biomesoplenty:spanish_moss":4,"minecraft:acacia_leaves":1,"minecraft:crafting_table":1,"minecraft:spruce_trapdoor":2,"minecraft:ladder":1,"minecraft:blast_furnace":3,"minecraft:acacia_log":9,"minecraft:calcite":5,"minecraft:grass_block":14,"minecraft:melon":3,"minecraft:nether_brick_slab":4,"zombie_extreme:barbed_fence":2,"zombie_extreme:dead_body":1,"minecraft:coal_block":2,"minecraft:cobblestone":3,"zombie_extreme:trash_bucket":1,"minecraft:cyan_bed":2,"farmersdelight:wild_tomatoes":3,"biomesoplenty:willow_log":1,"biomesoplenty:willow_planks":3,"argentinas_delight:espinacamadura":7,"zombie_extreme:wooden_barricades":2,"zombie_extreme:decomposing_backpack":2,"minecraft:jukebox":1,"minecraft:dark_oak_stairs":1,"minecraft:grass":29,"minecraft:coal_ore":1,"zombie_extreme:oil_shale_sand":3,"minecraft:cobblestone_slab":1,"minecraft:oak_stairs":1,"minecraft:dirt":36,"minecraft:acacia_planks":1,"minecraft:stone_bricks":1,"minecraft:fern":40,"biomesoplenty:willow_leaves":3},"minecraft:crafted":{"minecraft:crafting_table":1,"minecraft:stone":1,"biomesoplenty:willow_planks":4,"minecraft:stone_axe":1,"minecraft:bread":1,"minecraft:stick":4,"minecraft:acacia_planks":32},"minecraft:dropped":{"farmersdelight:tomato_seeds":4,"minecraft:nether_brick_slab":4,"minecraft:dark_oak_stairs":1,"minecraft:wheat_seeds":11,"minecraft:cobblestone":2,"minecraft:chicken":3,"minecraft:rotten_flesh":5,"minecraft:coal":7,"zombie_extreme:rotten_apple":2,"minecraft:dirt":6,"minecraft:spruce_trapdoor":3,"minecraft:stone_bricks":2,"minecraft:arrow":4,"minecraft:calcite":2,"minecraft:string":1,"minecraft:cyan_bed":1,"minecraft:bone":5,"argentinas_delight:espinacaitem":21}},"DataVersion":3465}