{"stats":{"minecraft:used":{"minecraft:beetroot":5,"minecraft:iron_shovel":117,"zombie_extreme:decomposing_backpack":1,"minecraft:stone_pickaxe":7,"minecraft:rotten_flesh":9,"minecraft:dirt":36,"minecraft:bread":6,"minecraft:stone_axe":40},"minecraft:custom":{"lootr:looted_stat":7,"minecraft:interact_with_furnace":8,"minecraft:mob_kills":21,"minecraft:interact_with_crafting_table":2,"minecraft:time_since_death":21666,"minecraft:leave_game":1,"minecraft:climb_one_cm":9640,"minecraft:time_since_rest":21707,"minecraft:sprint_one_cm":32169,"minecraft:damage_taken":825,"minecraft:walk_one_cm":102752,"minecraft:drop":20,"minecraft:damage_dealt":4563,"minecraft:fly_one_cm":30444,"minecraft:crouch_one_cm":17231,"minecraft:play_time":45393,"minecraft:sneak_time":5506,"minecraft:deaths":1,"minecraft:jump":412,"minecraft:walk_on_water_one_cm":10341,"minecraft:total_world_time":45393,"minecraft:fall_one_cm":8353},"minecraft:killed":{"minecraft:husk":3,"alexsmobs:seal":1,"minecraft:spider":1,"minecraft:creeper":1,"zombie_extreme:divided":1,"minecraft:skeleton":3,"zombie_extreme:devestated":1,"minecraft:zombie":7,"minecraft:chicken":1,"zombie_extreme:assasin_black_ops":1},"minecraft:picked_up":{"zombie_extreme:wooden_barricades":1,"minecraft:crafting_table":1,"minecraft:feather":2,"minecraft:chicken":3,"minecraft:oak_stairs":1,"zombie_extreme:decomposing_backpack":2,"farmersdelight:tomato":2,"minecraft:dirt":42,"zombie_extreme:dead_body":1,"minecraft:iron_shovel":1,"minecraft:bone":2,"zombie_extreme:washing_machine":1,"biomesoplenty:willow_planks":3,"minecraft:wheat_seeds":10,"zombie_extreme:barbed_fence":2,"minecraft:stone_pickaxe":1,"minecraft:cobblestone_slab":2,"zombie_extreme:oil_shale":3,"lightmanscurrency:coin_iron":8,"zombie_extreme:metal_fence":2,"minecraft:stick":2,"minecraft:cooked_porkchop":1,"minecraft:jukebox":1,"minecraft:acacia_log":8,"zombie_extreme:trash_bucket":1,"farmersdelight:tomato_seeds":4,"minecraft:blast_furnace":2,"argentinas_delight:espinacaitem":21,"lightmanscurrency:coin_copper":63,"minecraft:arrow":1,"minecraft:rotten_flesh":10,"biomesoplenty:willow_log":1,"zombie_extreme:rotten_apple":1,"minecraft:bread":4,"minecraft:cobblestone":6},"minecraft:mined":{"zombie_extreme:washing_machine":1,"biomesoplenty:spanish_moss":4,"minecraft:acacia_leaves":1,"minecraft:crafting_table":1,"minecraft:blast_furnace":2,"minecraft:acacia_log":9,"minecraft:grass_block":14,"zombie_extreme:barbed_fence":2,"zombie_extreme:dead_body":1,"zombie_extreme:trash_bucket":1,"farmersdelight:wild_tomatoes":3,"biomesoplenty:willow_log":1,"biomesoplenty:willow_planks":3,"argentinas_delight:espinacamadura":7,"zombie_extreme:wooden_barricades":2,"zombie_extreme:decomposing_backpack":2,"minecraft:jukebox":1,"minecraft:grass":29,"zombie_extreme:oil_shale_sand":3,"minecraft:cobblestone_slab":1,"minecraft:oak_stairs":1,"minecraft:dirt":31,"minecraft:fern":40,"biomesoplenty:willow_leaves":3},"minecraft:crafted":{"minecraft:crafting_table":1,"minecraft:stone":1,"biomesoplenty:willow_planks":4,"minecraft:stone_axe":1,"minecraft:bread":1,"minecraft:stick":4,"minecraft:acacia_planks":32},"minecraft:dropped":{"minecraft:wheat_seeds":11,"minecraft:cobblestone":2,"minecraft:chicken":3,"zombie_extreme:rotten_apple":2,"minecraft:dirt":6,"minecraft:string":1,"argentinas_delight:espinacaitem":21}},"DataVersion":3465}