{"stats":{"minecraft:used":{"minecraft:iron_shovel":117,"zombie_extreme:decomposing_backpack":1,"minecraft:stone_pickaxe":5,"minecraft:rotten_flesh":9,"minecraft:dirt":12,"minecraft:stone_axe":25},"minecraft:custom":{"lootr:looted_stat":2,"minecraft:interact_with_furnace":2,"minecraft:mob_kills":17,"minecraft:interact_with_crafting_table":2,"minecraft:time_since_death":9666,"minecraft:leave_game":1,"minecraft:climb_one_cm":1919,"minecraft:time_since_rest":9707,"minecraft:sprint_one_cm":31919,"minecraft:damage_taken":495,"minecraft:walk_one_cm":79212,"minecraft:drop":13,"minecraft:damage_dealt":3813,"minecraft:fly_one_cm":30297,"minecraft:crouch_one_cm":7040,"minecraft:play_time":33393,"minecraft:sneak_time":2634,"minecraft:deaths":1,"minecraft:jump":290,"minecraft:total_world_time":33393,"minecraft:fall_one_cm":6523},"minecraft:killed":{"alexsmobs:seal":1,"minecraft:spider":1,"minecraft:creeper":1,"zombie_extreme:divided":1,"minecraft:skeleton":3,"zombie_extreme:devestated":1,"minecraft:zombie":7,"minecraft:chicken":1,"zombie_extreme:assasin_black_ops":1},"minecraft:picked_up":{"zombie_extreme:wooden_barricades":1,"minecraft:crafting_table":1,"minecraft:feather":2,"minecraft:chicken":3,"zombie_extreme:decomposing_backpack":2,"farmersdelight:tomato":2,"minecraft:dirt":39,"zombie_extreme:dead_body":1,"minecraft:iron_shovel":1,"minecraft:bone":2,"zombie_extreme:washing_machine":1,"biomesoplenty:willow_planks":3,"minecraft:wheat_seeds":10,"zombie_extreme:barbed_fence":2,"minecraft:stone_pickaxe":1,"minecraft:cobblestone_slab":2,"zombie_extreme:oil_shale":3,"lightmanscurrency:coin_iron":6,"zombie_extreme:metal_fence":2,"minecraft:stick":2,"minecraft:acacia_log":8,"zombie_extreme:trash_bucket":1,"farmersdelight:tomato_seeds":4,"argentinas_delight:espinacaitem":21,"lightmanscurrency:coin_copper":46,"minecraft:arrow":1,"minecraft:rotten_flesh":8,"biomesoplenty:willow_log":1,"zombie_extreme:rotten_apple":1,"minecraft:cobblestone":3},"minecraft:mined":{"zombie_extreme:washing_machine":1,"biomesoplenty:spanish_moss":4,"minecraft:acacia_leaves":1,"minecraft:crafting_table":1,"minecraft:acacia_log":9,"minecraft:grass_block":14,"zombie_extreme:barbed_fence":2,"zombie_extreme:dead_body":1,"zombie_extreme:trash_bucket":1,"farmersdelight:wild_tomatoes":3,"biomesoplenty:willow_log":1,"biomesoplenty:willow_planks":3,"argentinas_delight:espinacamadura":7,"zombie_extreme:wooden_barricades":2,"zombie_extreme:decomposing_backpack":2,"minecraft:grass":29,"zombie_extreme:oil_shale_sand":3,"minecraft:cobblestone_slab":1,"minecraft:dirt":28,"minecraft:fern":40,"biomesoplenty:willow_leaves":3},"minecraft:crafted":{"minecraft:crafting_table":1,"minecraft:stone":1,"biomesoplenty:willow_planks":4,"minecraft:stone_axe":1,"minecraft:bread":1,"minecraft:stick":4,"minecraft:acacia_planks":8},"minecraft:dropped":{"minecraft:chicken":2,"zombie_extreme:rotten_apple":2,"argentinas_delight:espinacaitem":9}},"DataVersion":3465}