{"stats":{"minecraft:used":{"minecraft:beetroot":7,"minecraft:acacia_boat":1,"minecraft:iron_shovel":145,"zombie_extreme:decomposing_backpack":1,"minecraft:stone_pickaxe":42,"minecraft:ladder":1,"minecraft:leather_chestplate":1,"minecraft:chainmail_helmet":1,"minecraft:leather_boots":1,"minecraft:cooked_salmon":1,"minecraft:rotten_flesh":9,"minecraft:dirt":36,"minecraft:crafting_table":2,"minecraft:iron_hoe":1,"minecraft:cyan_bed":1,"minecraft:melon_slice":15,"minecraft:bread":7,"minecraft:golden_leggings":1,"minecraft:stone_axe":91,"minecraft:cobblestone":4,"minecraft:acacia_planks":16},"minecraft:custom":{"lootr:looted_stat":13,"minecraft:interact_with_furnace":8,"minecraft:mob_kills":33,"minecraft:open_barrel":2,"minecraft:tune_noteblock":4,"minecraft:interact_with_crafting_table":8,"minecraft:time_since_death":24408,"minecraft:leave_game":1,"minecraft:sleep_in_bed":2,"minecraft:climb_one_cm":24439,"minecraft:time_since_rest":15651,"minecraft:sprint_one_cm":74995,"minecraft:damage_taken":1842,"minecraft:walk_one_cm":208874,"minecraft:drop":64,"minecraft:damage_dealt":7285,"minecraft:swim_one_cm":556,"minecraft:fly_one_cm":49836,"minecraft:walk_under_water_one_cm":2820,"minecraft:crouch_one_cm":24737,"minecraft:play_time":81393,"minecraft:sneak_time":10540,"minecraft:deaths":3,"minecraft:jump":668,"minecraft:walk_on_water_one_cm":23836,"minecraft:total_world_time":81393,"minecraft:fall_one_cm":13028},"minecraft:killed":{"alexsmobs:lobster":1,"minecraft:husk":8,"zombie_extreme:infected":1,"alexsmobs:seal":1,"minecraft:spider":1,"minecraft:creeper":1,"zombie_extreme:divided":1,"minecraft:skeleton":6,"zombie_extreme:devestated":1,"minecraft:zombie":7,"minecraft:chicken":1,"zombie_extreme:assasin_black_ops":2},"minecraft:broken":{"minecraft:stone_axe":1},"minecraft:picked_up":{"zombie_extreme:wooden_barricades":1,"minecraft:crafting_table":2,"minecraft:feather":2,"minecraft:chicken":3,"minecraft:ladder":1,"minecraft:golden_leggings":1,"minecraft:oak_stairs":1,"zombie_extreme:baseball_bat":1,"minecraft:acacia_boat":1,"zombie_extreme:decomposing_backpack":2,"minecraft:cooked_salmon":1,"farmersdelight:tomato":2,"minecraft:dirt":42,"zombie_extreme:dead_body":1,"minecraft:iron_shovel":1,"minecraft:bone":10,"minecraft:acacia_planks":4,"zombie_extreme:washing_machine":1,"minecraft:stone_bricks":2,"biomesoplenty:willow_planks":3,"minecraft:wheat_seeds":10,"zombie_extreme:fridge":1,"minecraft:calcite":2,"zombie_extreme:barbed_fence":2,"minecraft:stone_pickaxe":1,"minecraft:cobblestone_slab":2,"zombie_extreme:oil_shale":3,"minecraft:melon_slice":16,"lightmanscurrency:coin_iron":13,"minecraft:coal_block":2,"zombie_extreme:metal_fence":2,"minecraft:spruce_trapdoor":3,"minecraft:dark_oak_stairs":1,"minecraft:stick":2,"minecraft:cooked_porkchop":1,"minecraft:jukebox":1,"minecraft:acacia_log":8,"zombie_extreme:trash_bucket":1,"farmersdelight:tomato_seeds":4,"minecraft:blast_furnace":3,"minecraft:nether_brick_slab":4,"argentinas_delight:espinacaitem":21,"minecraft:cyan_bed":4,"zombie_extreme:radio_installation":1,"zombie_extreme:cupboard":1,"lightmanscurrency:coin_copper":69,"minecraft:arrow":17,"minecraft:rotten_flesh":15,"biomesoplenty:willow_log":1,"zombie_extreme:rotten_apple":1,"minecraft:bread":4,"minecraft:coal":8,"minecraft:cobblestone":24},"minecraft:mined":{"zombie_extreme:washing_machine":1,"biomesoplenty:spanish_moss":4,"minecraft:acacia_leaves":1,"minecraft:crafting_table":2,"minecraft:spruce_trapdoor":2,"minecraft:ladder":1,"minecraft:blast_furnace":3,"minecraft:acacia_log":9,"minecraft:calcite":5,"minecraft:grass_block":14,"zombie_extreme:cupboard":1,"minecraft:melon":3,"minecraft:nether_brick_slab":4,"zombie_extreme:shelf":1,"zombie_extreme:barbed_fence":2,"zombie_extreme:dead_body":1,"minecraft:coal_block":2,"minecraft:cobblestone":4,"zombie_extreme:trash_bucket":1,"minecraft:cyan_bed":3,"farmersdelight:wild_tomatoes":3,"biomesoplenty:willow_log":1,"biomesoplenty:willow_planks":3,"minecraft:spawner":1,"argentinas_delight:espinacamadura":7,"zombie_extreme:wooden_barricades":2,"zombie_extreme:decomposing_backpack":2,"minecraft:jukebox":1,"minecraft:dark_oak_stairs":1,"minecraft:grass":29,"minecraft:coal_ore":1,"zombie_extreme:oil_shale_sand":3,"minecraft:cobblestone_slab":1,"minecraft:oak_stairs":1,"minecraft:dirt":37,"zombie_extreme:fridge":1,"minecraft:acacia_planks":6,"minecraft:stone":14,"minecraft:stone_bricks":1,"zombie_extreme:radio_installation":1,"minecraft:birch_stairs":2,"minecraft:fern":40,"biomesoplenty:willow_leaves":3},"minecraft:crafted":{"minecraft:crafting_table":1,"minecraft:stone":1,"biomesoplenty:willow_planks":4,"minecraft:stone_axe":2,"minecraft:bread":1,"minecraft:stick":4,"minecraft:acacia_planks":32},"minecraft:dropped":{"farmersdelight:tomato_seeds":4,"minecraft:bread":2,"minecraft:nether_brick_slab":4,"minecraft:dark_oak_stairs":1,"minecraft:wheat_seeds":11,"minecraft:wheat":5,"minecraft:cobblestone":2,"minecraft:chicken":3,"minecraft:rotten_flesh":5,"minecraft:iron_hoe":1,"zombie_extreme:dead_body":1,"minecraft:coal":7,"zombie_extreme:rotten_apple":2,"minecraft:dirt":6,"minecraft:spruce_trapdoor":3,"zombie_extreme:oil_shale":3,"minecraft:melon_slice":1,"minecraft:bone_meal":8,"minecraft:stone_bricks":2,"minecraft:arrow":16,"minecraft:calcite":2,"minecraft:string":1,"minecraft:cyan_bed":1,"minecraft:bone":8,"argentinas_delight:espinacaitem":21,"zombie_extreme:radio_installation":1}},"DataVersion":3465}