{"stats":{"minecraft:used":{"minecraft:rotten_flesh":1,"minecraft:dirt":3,"minecraft:iron_shovel":27},"minecraft:custom":{"minecraft:time_since_rest":15393,"minecraft:crouch_one_cm":1970,"minecraft:play_time":15393,"minecraft:sprint_one_cm":17162,"minecraft:damage_taken":150,"minecraft:walk_one_cm":25975,"minecraft:sneak_time":764,"minecraft:mob_kills":9,"minecraft:jump":129,"minecraft:damage_dealt":1755,"minecraft:leave_game":1,"minecraft:time_since_death":15393,"minecraft:total_world_time":15393,"minecraft:fly_one_cm":20321,"minecraft:fall_one_cm":4756},"minecraft:killed":{"minecraft:skeleton":2,"minecraft:zombie":6,"minecraft:creeper":1},"minecraft:mined":{"minecraft:grass":18,"biomesoplenty:spanish_moss":3,"minecraft:grass_block":3,"minecraft:dirt":15,"zombie_extreme:dead_body":1,"zombie_extreme:decomposing_backpack":1,"biomesoplenty:willow_log":1,"minecraft:fern":40,"biomesoplenty:willow_leaves":3},"minecraft:picked_up":{"lightmanscurrency:coin_copper":27,"zombie_extreme:dead_body":1,"minecraft:iron_shovel":1,"minecraft:bone":1,"minecraft:rotten_flesh":7,"biomesoplenty:willow_log":1,"minecraft:wheat_seeds":9,"lightmanscurrency:coin_iron":6,"zombie_extreme:decomposing_backpack":1,"minecraft:dirt":15},"minecraft:crafted":{"biomesoplenty:willow_planks":4,"minecraft:crafting_table":1}},"DataVersion":3465}