{"stats":{"minecraft:used":{"minecraft:moss_block":2,"minecraft:beetroot":7,"minecraft:iron_shovel":225,"minecraft:ladder":2,"minecraft:oak_sign":2,"minecraft:chest":10,"redeco:oak_table":8,"minecraft:cooked_salmon":4,"minecraft:rotten_flesh":9,"minecraft:dirt":121,"minecraft:carrot":17,"biomesoplenty:willow_boat":1,"minecraft:iron_hoe":1,"minecraft:iron_boots":1,"zombie_extreme:medicine_box":2,"zombie_extreme:green_apple":1,"minecraft:oak_sapling":19,"minecraft:acacia_planks":42,"minecraft:water_bucket":4,"zombie_extreme:fireaxe":243,"minecraft:acacia_boat":1,"zombie_extreme:decomposing_backpack":1,"minecraft:stone_pickaxe":62,"minecraft:oak_planks":116,"minecraft:leather_chestplate":1,"minecraft:chainmail_helmet":1,"minecraft:leather_boots":1,"minecraft:oak_leaves":33,"minecraft:glow_berries":1,"cozy_home:oak_chair":10,"minecraft:crafting_table":6,"minecraft:blast_furnace":3,"minecraft:acacia_leaves":51,"zombie_extreme:cupboard":1,"minecraft:shears":233,"minecraft:apple":12,"minecraft:bread":10,"minecraft:cyan_bed":6,"minecraft:melon_slice":15,"zombie_extreme:baseball_bat":46,"minecraft:golden_leggings":1,"minecraft:stone_axe":91,"minecraft:cobblestone":4,"minecraft:cooked_porkchop":2,"minecraft:bucket":5,"minecraft:pumpkin_pie":2,"alexsmobs:animal_dictionary":1},"minecraft:custom":{"lootr:looted_stat":24,"minecraft:mob_kills":45,"minecraft:interact_with_crafting_table":19,"minecraft:open_barrel":2,"minecraft:damage_dealt_resisted":250,"minecraft:leave_game":3,"minecraft:time_since_death":32863,"minecraft:climb_one_cm":37452,"minecraft:sprint_one_cm":203311,"minecraft:walk_one_cm":515138,"minecraft:drop":127,"minecraft:damage_dealt_absorbed":80,"minecraft:talked_to_villager":2,"minecraft:play_time":198387,"minecraft:deaths":7,"minecraft:sneak_time":13072,"minecraft:walk_under_water_one_cm":37674,"minecraft:boat_one_cm":254207,"minecraft:jump":1869,"minecraft:walk_on_water_one_cm":77818,"minecraft:total_world_time":198387,"minecraft:interact_with_furnace":8,"minecraft:tune_noteblock":4,"minecraft:sleep_in_bed":8,"minecraft:time_since_rest":9160,"minecraft:damage_taken":3794,"minecraft:damage_dealt":9656,"minecraft:swim_one_cm":73547,"minecraft:fly_one_cm":181974,"minecraft:open_chest":23,"minecraft:crouch_one_cm":32655,"minecraft:fall_one_cm":34683},"minecraft:killed":{"alexsmobs:lobster":1,"minecraft:spider":1,"zombie_extreme:divided":1,"minecraft:skeleton":8,"minecraft:chicken":1,"minecraft:drowned":1,"zombie_extreme:parasite":1,"zombie_extreme:runner":1,"minecraft:husk":8,"minecraft:zombie_villager":1,"zombie_extreme:infected":1,"alexsmobs:seal":1,"minecraft:creeper":1,"zombie_extreme:devestated":1,"minecraft:zombie":12,"zombie_extreme:assasin_black_ops":2},"minecraft:broken":{"minecraft:shears":1,"minecraft:stone_axe":1},"minecraft:mined":{"biomesoplenty:spanish_moss":4,"minecraft:oak_sapling":1,"cozy_home:oak_chair":2,"minecraft:spruce_trapdoor":2,"minecraft:ladder":6,"minecraft:acacia_log":19,"minecraft:grass_block":75,"zombie_extreme:dead_body":1,"zombie_extreme:shelf":1,"minecraft:coal_block":2,"zombie_extreme:trash_bucket":1,"minecraft:moss_block":13,"biomesoplenty:willow_planks":3,"minecraft:spawner":1,"minecraft:raw_iron_block":3,"argentinas_delight:espinacamadura":7,"minecraft:carrots":17,"zombie_extreme:wooden_barricades":2,"minecraft:iron_ore":4,"zombie_extreme:decomposing_backpack":2,"minecraft:moss_carpet":1,"minecraft:dark_oak_stairs":1,"minecraft:cave_vines":1,"minecraft:cobblestone_slab":1,"zombie_extreme:oil_shale_sand":3,"minecraft:oak_stairs":1,"minecraft:azalea":2,"zombie_extreme:fridge":1,"minecraft:stone":15,"zombie_extreme:radio_installation":1,"biomesoplenty:willow_leaves":3,"zombie_extreme:washing_machine":1,"minecraft:birch_stairs":2,"minecraft:oak_slab":9,"minecraft:acacia_leaves":148,"minecraft:blackstone":1,"minecraft:clay":8,"minecraft:smooth_sandstone":1,"minecraft:crafting_table":4,"minecraft:blast_furnace":3,"minecraft:chest":2,"minecraft:calcite":5,"zombie_extreme:cupboard":1,"minecraft:melon":3,"minecraft:dead_bush":4,"minecraft:nether_brick_slab":4,"zombie_extreme:barbed_fence":2,"minecraft:tall_grass":52,"minecraft:cobblestone":4,"minecraft:cyan_bed":7,"zombie_extreme:medicine_box":2,"farmersdelight:wild_tomatoes":3,"biomesoplenty:willow_log":4,"minecraft:oak_planks":40,"biomesoplenty:spanish_moss_plant":1,"minecraft:jukebox":1,"minecraft:grass":135,"minecraft:oak_log":65,"minecraft:coal_ore":1,"minecraft:sand":4,"minecraft:dirt":40,"minecraft:cobweb":1,"minecraft:acacia_planks":16,"minecraft:stone_bricks":1,"minecraft:mossy_stone_bricks":1,"minecraft:oak_leaves":186,"minecraft:fern":56},"minecraft:picked_up":{"zombie_extreme:wooden_barricades":1,"minecraft:crafting_table":4,"minecraft:clay_ball":32,"minecraft:chicken":3,"minecraft:ladder":6,"alexscaves:cave_tablet":1,"minecraft:oak_stairs":1,"minecraft:potion":1,"zombie_extreme:baseball_bat":3,"zombie_extreme:decomposing_backpack":3,"minecraft:moss_carpet":4,"minecraft:string":1,"minecraft:cooked_salmon":1,"minecraft:iron_shovel":1,"biomesoplenty:willow_planks":3,"minecraft:azalea":3,"minecraft:cobblestone_slab":2,"minecraft:calcite":2,"minecraft:chest":2,"zombie_extreme:oil_shale":3,"minecraft:melon_slice":16,"minecraft:coal_block":2,"crittersandcompanions:clam":1,"minecraft:spruce_trapdoor":3,"cozy_home:oak_chair":2,"minecraft:raw_iron":4,"minecraft:stick":24,"minecraft:jukebox":1,"minecraft:acacia_log":16,"farmersdelight:tomato_seeds":4,"minecraft:carrot":59,"zombie_extreme:radio_installation":1,"minecraft:jungle_sign":4,"zombie_extreme:cupboard":1,"minecraft:arrow":19,"minecraft:rotten_flesh":24,"zombie_extreme:rotten_apple":1,"sophisticatedbackpacks:copper_backpack":1,"minecraft:glow_berries":1,"minecraft:cobblestone":24,"zombie_extreme:fireaxe":1,"minecraft:feather":2,"minecraft:fern":1,"minecraft:acacia_leaves":117,"minecraft:golden_leggings":1,"minecraft:oak_log":80,"minecraft:lily_pad":1,"minecraft:acacia_boat":1,"farmersdelight:tomato":2,"minecraft:dirt":131,"zombie_extreme:dead_body":1,"minecraft:bone":16,"minecraft:acacia_planks":13,"zombie_extreme:washing_machine":1,"minecraft:apple":3,"minecraft:stone_bricks":2,"minecraft:wheat_seeds":18,"minecraft:stone_pickaxe":1,"zombie_extreme:barbed_fence":2,"minecraft:moss_block":5,"zombie_extreme:medicine_box":2,"zombie_extreme:cloth":1,"zombie_extreme:fridge":1,"lightmanscurrency:coin_iron":39,"zombie_extreme:metal_fence":2,"minecraft:acacia_sapling":4,"minecraft:oak_planks":43,"minecraft:dark_oak_stairs":1,"minecraft:oak_slab":3,"minecraft:cooked_porkchop":1,"minecraft:raw_iron_block":3,"zombie_extreme:trash_bucket":1,"minecraft:gravel":1,"minecraft:sand":3,"minecraft:dead_bush":2,"minecraft:blast_furnace":3,"minecraft:nether_brick_slab":4,"argentinas_delight:espinacaitem":21,"minecraft:cyan_bed":9,"lightmanscurrency:coin_copper":120,"biomesoplenty:willow_log":4,"minecraft:grass":35,"minecraft:emerald":52,"minecraft:bread":4,"minecraft:oak_sapling":25,"minecraft:oak_leaves":123,"minecraft:coal":8},"minecraft:crafted":{"minecraft:oak_planks":288,"biomesoplenty:willow_boat":1,"minecraft:raw_iron":27,"minecraft:oak_sign":6,"minecraft:stone":1,"minecraft:chest":8,"minecraft:oak_slab":24,"minecraft:crafting_table":4,"redeco:oak_table":8,"minecraft:bucket":1,"biomesoplenty:willow_planks":16,"minecraft:stone_axe":2,"minecraft:bread":1,"minecraft:wooden_hoe":1,"cozy_home:oak_plank":32,"minecraft:stick":56,"minecraft:acacia_planks":60,"minecraft:shears":1,"cozy_home:oak_chair":8},"minecraft:dropped":{"farmersdelight:tomato_seeds":4,"minecraft:bread":2,"zombie_extreme:fireaxe":2,"minecraft:moss_block":3,"minecraft:oak_slab":3,"minecraft:dark_oak_stairs":1,"minecraft:wheat_seeds":19,"minecraft:crafting_table":2,"minecraft:cobblestone":2,"minecraft:apple":11,"minecraft:acacia_log":1,"minecraft:coal":7,"minecraft:stick":2,"zombie_extreme:rotten_apple":2,"minecraft:dirt":6,"minecraft:grass":35,"zombie_extreme:baseball_bat":1,"minecraft:melon_slice":1,"minecraft:cooked_salmon":1,"minecraft:potion":2,"minecraft:dead_bush":2,"minecraft:jungle_sign":4,"minecraft:bone_meal":8,"minecraft:sand":3,"minecraft:string":1,"minecraft:lily_pad":1,"minecraft:acacia_planks":1,"minecraft:bone":14,"zombie_extreme:radio_installation":1,"minecraft:gravel":1,"minecraft:nether_brick_slab":4,"minecraft:moss_carpet":4,"alexscaves:cave_tablet":1,"minecraft:wheat":5,"minecraft:chicken":3,"minecraft:fern":1,"minecraft:rotten_flesh":5,"minecraft:oak_planks":32,"minecraft:iron_hoe":1,"zombie_extreme:dead_body":1,"minecraft:filled_map":1,"minecraft:spruce_trapdoor":3,"zombie_extreme:oil_shale":3,"minecraft:leather_boots":1,"minecraft:acacia_sapling":4,"minecraft:oak_sapling":4,"minecraft:ladder":4,"minecraft:stone_bricks":2,"sophisticatedbackpacks:copper_backpack":1,"minecraft:arrow":16,"minecraft:calcite":2,"minecraft:cyan_bed":3,"argentinas_delight:espinacaitem":21},"minecraft:killed_by":{"minecraft:zombie":2}},"DataVersion":3465}