{"stats":{"minecraft:used":{"minecraft:beetroot":3,"minecraft:iron_shovel":54,"minecraft:ladder":3,"minecraft:chest":8,"minecraft:shield":51,"minecraft:iron_sword":117,"minecraft:iron_chestplate":1,"minecraft:mutton":8,"minecraft:carrot":40,"zombie_extreme:steel_pickaxe":2,"minecraft:furnace":7,"minecraft:cooked_cod":6,"minecraft:egg":1,"securitycraft:reinforced_stone_button":3,"biomesoplenty:willow_log":1,"securitycraft:door_indestructible_iron_item":1,"minecraft:oak_planks":1,"minecraft:stone_pickaxe":262,"biomesoplenty:willow_planks":20,"minecraft:wooden_pickaxe":143,"biomesoplenty:willow_sapling":1,"minecraft:golden_apple":1,"minecraft:blast_furnace":2,"biomesoplenty:mahogany_door":1,"minecraft:melon_slice":20,"minecraft:bread":48,"minecraft:cyan_bed":6,"minecraft:diamond_ore":2,"minecraft:gravel":2,"minecraft:smithing_table":1,"biomesoplenty:mahogany_planks":66,"minecraft:enchanting_table":1,"minecraft:stone_sword":150,"tacz:gun_smith_table":5,"minecraft:wooden_shovel":10,"minecraft:netherrack":68,"minecraft:torch":66,"minecraft:dirt":103,"minecraft:anvil":1,"minecraft:chainmail_chestplate":1,"alexsmobs:maggot":2,"minecraft:wooden_axe":64,"minecraft:bookshelf":23,"minecraft:iron_axe":48,"minecraft:gunpowder":1,"securitycraft:reinforced_glass":107,"minecraft:cooked_beef":1,"minecraft:cobbled_deepslate":25,"alexsmobs:blobfish":1,"minecraft:yellow_banner":1,"minecraft:water_bucket":35,"securitycraft:reinforced_cobblestone":391,"minecraft:green_bed":1,"securitycraft:cobblestone_mine":3,"minecraft:crafting_table":13,"minecraft:white_bed":4,"minecraft:cake":4,"minecraft:apple":4,"minecraft:iron_pickaxe":337,"minecraft:leather_helmet":1,"minecraft:golden_leggings":1,"minecraft:stone_axe":48,"vinery:savanna_grape_seeds_red":5,"minecraft:cobblestone":386,"minecraft:porkchop":4,"minecraft:cooked_porkchop":4,"minecraft:bucket":35,"minecraft:pumpkin_pie":5,"minecraft:gray_wool":1,"minecraft:chainmail_leggings":1},"minecraft:custom":{"lootr:looted_stat":47,"minecraft:interact_with_crafting_table":56,"minecraft:open_barrel":1,"minecraft:eat_cake_slice":14,"minecraft:leave_game":35,"minecraft:time_since_death":26508,"minecraft:sprint_one_cm":505134,"minecraft:damage_blocked_by_shield":1870,"minecraft:drop":126,"minecraft:play_time":358596,"minecraft:deaths":27,"minecraft:jump":4335,"minecraft:walk_on_water_one_cm":25951,"minecraft:enchant_item":16,"minecraft:interact_with_furnace":44,"minecraft:interact_with_loom":1,"minecraft:sleep_in_bed":10,"minecraft:damage_dealt":14893,"minecraft:crouch_one_cm":40703,"minecraft:interact_with_smithing_table":3,"minecraft:mob_kills":86,"minecraft:interact_with_anvil":5,"minecraft:damage_dealt_resisted":4,"minecraft:climb_one_cm":15080,"minecraft:walk_one_cm":518909,"minecraft:damage_dealt_absorbed":40,"minecraft:sneak_time":16813,"minecraft:walk_under_water_one_cm":24348,"minecraft:interact_with_blast_furnace":19,"minecraft:total_world_time":358596,"minecraft:time_since_rest":26537,"minecraft:damage_taken":13629,"minecraft:damage_absorbed":40,"minecraft:swim_one_cm":38492,"minecraft:fly_one_cm":801187,"minecraft:open_chest":140,"minecraft:fall_one_cm":136605},"minecraft:killed":{"zombie_extreme:night_hunter":1,"minecraft:spider":1,"minecraft:skeleton":24,"zombie_extreme:clicker":4,"zombie_extreme:goon":2,"minecraft:chicken":1,"minecraft:pig":3,"minecraft:zombie_villager":1,"zombie_extreme:infected_hazmat":4,"polly_pets:ferret":1,"minecraft:creeper":7,"minecraft:sheep":4,"minecraft:zombie":12,"zombie_extreme:infected_police":2,"zombie_extreme:revived":4,"zombie_extreme:runner":1,"zombie_extreme:crawler":3,"zombie_extreme:infected":2,"minecraft:frog":1,"zombie_extreme:devestated":1,"zombie_extreme:assasin_black_ops":2},"minecraft:broken":{"minecraft:golden_boots":1,"minecraft:stone_pickaxe":1,"minecraft:leather_helmet":1,"minecraft:stone_sword":1,"minecraft:wooden_pickaxe":2,"minecraft:iron_pickaxe":1},"minecraft:mined":{"minecraft:dark_oak_planks":1,"biomesoplenty:spanish_moss":23,"biomesoplenty:glowshroom":1,"minecraft:spruce_planks":1,"minecraft:white_bed":5,"minecraft:oak_sapling":1,"minecraft:spruce_trapdoor":1,"minecraft:stripped_crimson_hyphae":1,"minecraft:acacia_log":1,"minecraft:grass_block":52,"vinery:savanna_grape_bush_red":3,"minecraft:coal_block":3,"biomesoplenty:cattail":1,"tacz:gun_smith_table":3,"minecraft:spawner":1,"minecraft:tall_seagrass":2,"minecraft:iron_ore":53,"minecraft:cobbled_deepslate":8,"minecraft:fire":5,"zombie_extreme:ore_steel":23,"minecraft:stripped_dark_oak_wood":2,"minecraft:iron_bars":1,"minecraft:green_bed":1,"biomesoplenty:willow_leaves":12,"minecraft:deepslate_redstone_ore":5,"biomesoplenty:glowworm_silk":2,"minecraft:torch":8,"minecraft:blast_furnace":1,"minecraft:calcite":15,"minecraft:melon":7,"minecraft:chest":3,"zombie_extreme:barbed_fence":2,"minecraft:cobblestone":75,"vinery:savanna_grape_bush_white":3,"minecraft:cyan_bed":5,"minecraft:oak_planks":3,"minecraft:damaged_anvil":1,"minecraft:wall_torch":8,"minecraft:skeleton_skull":1,"minecraft:seagrass":1,"minecraft:fire_coral_fan":1,"minecraft:acacia_sapling":2,"biomesoplenty:spanish_moss_plant":9,"zombie_extreme:thorium_ore":1,"biomesoplenty:glowworm_silk_strand":2,"zombie_extreme:ore_ruby":2,"minecraft:stone_brick_stairs":1,"minecraft:grass":68,"minecraft:dirt":29,"minecraft:netherrack":2,"minecraft:deepslate":19,"biomesoplenty:glowing_moss_block":1,"minecraft:diamond_ore":2,"minecraft:yellow_wall_banner":1,"minecraft:mossy_cobblestone":1,"biomesoplenty:desert_grass":1,"minecraft:dark_oak_fence":1,"minecraft:spruce_fence":1,"biomesoplenty:willow_planks":5,"minecraft:large_fern":4,"minecraft:furnace":4,"zombie_extreme:ore_lead":3,"minecraft:peony":2,"minecraft:deepslate_iron_ore":5,"zombie_extreme:oil_shale_sand":1,"minecraft:lantern":1,"securitycraft:cobblestone_mine":1,"minecraft:stone":374,"zombie_extreme:ore_aluminum":5,"minecraft:smithing_table":1,"lootr:lootr_barrel":1,"minecraft:crafting_table":5,"minecraft:emerald_ore":2,"biomesoplenty:mahogany_planks":5,"minecraft:rose_bush":1,"minecraft:tall_grass":6,"minecraft:copper_ore":36,"minecraft:lapis_ore":9,"farmersdelight:wild_tomatoes":2,"minecraft:lily_pad":1,"biomesoplenty:willow_log":18,"minecraft:diorite":1,"supplementaries:urn":3,"minecraft:black_stained_glass":11,"minecraft:purple_bed":2,"zombie_extreme:ore_tin":7,"biomesoplenty:mahogany_log":4,"minecraft:jungle_fence":1,"minecraft:coal_ore":25,"minecraft:gravel":7,"minecraft:cyan_carpet":1,"minecraft:cobweb":4,"minecraft:stone_bricks":4,"minecraft:gold_ore":1,"minecraft:fern":42},"minecraft:picked_up":{"minecraft:wooden_axe":1,"minecraft:wheat":17,"minecraft:prismarine_shard":11,"zombie_extreme:hazmat_suit_boots":1,"minecraft:smithing_table":2,"alexscaves:cave_tablet":2,"minecraft:golden_shovel":4,"minecraft:stone_brick_stairs":1,"minecraft:golden_sword":2,"vinery:savanna_grape_seeds_red":5,"alexsmobs:gazelle_horn":14,"minecraft:string":10,"minecraft:raw_copper":220,"alexsmobs:ancient_dart":5,"minecraft:red_nether_bricks":1,"minecraft:iron_leggings":1,"minecraft:sticky_piston":8,"minecraft:beetroot":8,"minecraft:sea_pickle":1,"minecraft:cobbled_deepslate":26,"minecraft:gold_nugget":22,"minecraft:smooth_stone":6,"minecraft:bucket":2,"minecraft:spruce_planks":1,"minecraft:red_dye":2,"minecraft:rose_bush":1,"minecraft:calcite":18,"minecraft:azalea":73,"zombie_extreme:oil_shale":1,"minecraft:melon_slice":37,"minecraft:coal_block":6,"minecraft:furnace":6,"farmersdelight:cabbage_seeds":2,"minecraft:iron_boots":2,"zombie_extreme:ruby":2,"zombie_extreme:raw_aluminum":5,"minecraft:stick":67,"minecraft:oak_fence":2,"minecraft:acacia_log":32,"minecraft:torch":22,"minecraft:green_bed":1,"minecraft:spruce_stairs":12,"minecraft:porkchop":12,"minecraft:diorite":1,"minecraft:yellow_banner":1,"minecraft:stone_sword":1,"minecraft:cactus":30,"minecraft:rotten_flesh":19,"biomesoplenty:rose_quartz_chunk":4,"biomesoplenty:mahogany_sapling":5,"supplementaries:ash":3,"minecraft:cobblestone":450,"minecraft:feather":1,"minecraft:cooked_beef":3,"minecraft:repeater":6,"minecraft:jungle_wood":2,"minecraft:flint":1,"minecraft:lapis_lazuli":62,"minecraft:lantern":2,"minecraft:dirt":146,"securitycraft:reinforced_stone_button":1,"minecraft:bone":92,"minecraft:wheat_seeds":18,"minecraft:glowstone_dust":2,"minecraft:mossy_stone_bricks":3,"minecraft:bamboo":8,"tacz:gun_smith_table":4,"alexsmobs:blobfish":1,"minecraft:oak_planks":2,"biomesoplenty:mahogany_planks":3,"minecraft:cooked_porkchop":3,"minecraft:music_disc_13":2,"minecraft:jungle_planks":2,"minecraft:dead_bush":6,"minecraft:cyan_bed":7,"alexsmobs:animal_dictionary":1,"minecraft:mossy_cobblestone":13,"minecraft:sugar":2,"biomesoplenty:willow_log":17,"minecraft:diamond":2,"bossominium:the_bossdexium":1,"minecraft:crossbow":1,"minecraft:bone_meal":18,"zombie_extreme:raw_thorium":3,"minecraft:golden_apple":1,"minecraft:spruce_sign":4,"minecraft:emerald":2,"minecraft:bread":11,"alexsmobs:maggot":4,"minecraft:oak_sapling":6,"minecraft:netherrack":1336,"vinery:savanna_grape_seeds_white":6,"zombie_extreme:hazmat_suit_leggings":1,"zombie_extreme:cleaver":2,"minecraft:crafting_table":5,"minecraft:chicken":1,"minecraft:wooden_pickaxe":4,"zombie_extreme:raw_tin":7,"minecraft:shield":2,"minecraft:iron_axe":4,"minecraft:flint_and_steel":1,"tacz:ammo":180,"minecraft:iron_shovel":1,"minecraft:blackstone":58,"minecraft:cyan_carpet":3,"biomesoplenty:willow_planks":10,"minecraft:iron_nugget":23,"bossominium:vex_wing":1,"minecraft:spruce_slab":37,"minecraft:chest":8,"minecraft:stripped_crimson_hyphae":1,"minecraft:raw_iron":58,"minecraft:sandstone":6,"minecraft:stone":8,"securitycraft:reinforced_cobblestone":1,"minecraft:copper_ingot":16,"farmersdelight:tomato_seeds":8,"minecraft:cake":1,"minecraft:redstone":24,"minecraft:stone_pressure_plate":8,"minecraft:arrow":38,"minecraft:peony":1,"minecraft:beetroot_seeds":1,"minecraft:golden_hoe":1,"biomesoplenty:willow_sapling":1,"minecraft:nether_bricks":4,"minecraft:glistering_melon_slice":3,"minecraft:gold_ingot":1,"zombie_extreme:butcher_knife":1,"minecraft:mutton":10,"minecraft:skeleton_skull":1,"minecraft:white_wool":3,"minecraft:leather":2,"alexsmobs:acacia_blossom":18,"minecraft:red_mushroom":3,"minecraft:birch_planks":11,"minecraft:oak_log":5,"minecraft:lily_pad":1,"minecraft:gunpowder":13,"minecraft:cobblestone_stairs":1,"minecraft:paper":2,"zombie_extreme:raw_steel":25,"zombie_extreme:raw_lead":3,"minecraft:apple":4,"minecraft:stone_bricks":2,"zombie_extreme:barbed_fence":2,"minecraft:rabbit_hide":3,"minecraft:heart_of_the_sea":1,"minecraft:iron_ingot":8,"minecraft:stone_pickaxe":1,"minecraft:iron_ore":56,"lightmanscurrency:coin_iron":103,"minecraft:flowering_azalea":24,"minecraft:acacia_sapling":69,"minecraft:book":6,"minecraft:oak_slab":2,"minecraft:milk_bucket":1,"minecraft:quartz":63,"minecraft:cracked_nether_bricks":1,"minecraft:gravel":12,"minecraft:blast_furnace":1,"minecraft:white_bed":7,"minecraft:spider_eye":1,"lightmanscurrency:coin_copper":329,"biomesoplenty:mahogany_log":46,"minecraft:stone_axe":1,"tacz:modern_kinetic_gun":4,"minecraft:chainmail_leggings":9,"lightmanscurrency:coin_gold":20,"minecraft:gray_wool":3,"argentinas_delight:cuernodetoro":2,"minecraft:damaged_anvil":1,"minecraft:coal":131},"minecraft:crafted":{"securitycraft:mine":3,"minecraft:smooth_stone":6,"minecraft:stone":6,"sophisticatedbackpacks:copper_backpack":1,"minecraft:chest":5,"minecraft:wooden_shovel":1,"sophisticatedbackpacks:backpack":1,"minecraft:cooked_porkchop":3,"minecraft:crafting_table":9,"minecraft:wooden_pickaxe":7,"minecraft:copper_ingot":44,"minecraft:iron_chestplate":1,"minecraft:golden_leggings":1,"minecraft:stick":48,"minecraft:iron_ingot":87,"minecraft:iron_pickaxe":2,"minecraft:stone_sword":1,"minecraft:coal":27,"biomesoplenty:mahogany_planks":184,"minecraft:furnace":4,"minecraft:blast_furnace":1,"minecraft:bone_meal":45,"minecraft:ladder":6,"minecraft:stone_pickaxe":2,"minecraft:redstone_block":2,"sophisticatedbackpacks:iron_backpack":1,"minecraft:cooked_beef":1,"minecraft:red_dye":1,"minecraft:cooked_cod":6,"minecraft:stone_axe":1,"securitycraft:cobblestone_mine":3,"biomesoplenty:willow_planks":64,"minecraft:bread":1,"minecraft:air":0,"biomesoplenty:mahogany_door":3,"minecraft:wooden_axe":2,"minecraft:white_bed":1,"minecraft:torch":48},"minecraft:dropped":{"minecraft:birch_planks":1,"minecraft:oak_log":5,"lightmanscurrency:coin_copper":13,"biomesoplenty:mahogany_planks":1,"minecraft:red_mushroom":1,"minecraft:music_disc_13":1,"minecraft:dirt":2,"minecraft:pumpkin_pie":4,"minecraft:blackstone":29,"minecraft:cobbled_deepslate":1,"alexsmobs:animal_dictionary":1,"minecraft:wheat":6,"minecraft:rotten_flesh":2,"minecraft:white_bed":1,"minecraft:carrot":2,"zombie_extreme:raw_steel":2,"vinery:savanna_grape_seeds_white":6,"minecraft:gunpowder":1,"minecraft:ladder":6,"minecraft:azalea":22,"minecraft:chest":1,"minecraft:netherrack":648,"farmersdelight:tomato_seeds":8,"minecraft:bread":24,"minecraft:wheat_seeds":1,"minecraft:mossy_cobblestone":3,"minecraft:feather":2,"minecraft:cobblestone":3,"minecraft:spruce_stairs":6,"minecraft:acacia_log":18,"minecraft:coal":4,"minecraft:golden_apple":1,"minecraft:stick":7,"zombie_extreme:raw_thorium":1,"zombie_extreme:barbed_fence":2,"minecraft:gray_wool":1,"minecraft:diorite":1,"minecraft:wooden_axe":2,"minecraft:rose_bush":1,"minecraft:dead_bush":3,"tacz:modern_kinetic_gun":3,"minecraft:red_dye":2,"minecraft:iron_axe":1,"minecraft:cactus":10,"minecraft:chainmail_leggings":3,"minecraft:raw_iron":1,"alexsmobs:ancient_dart":2,"minecraft:shield":1,"minecraft:cake":1,"minecraft:mossy_stone_bricks":1,"minecraft:oak_sapling":2,"minecraft:wooden_shovel":1,"minecraft:stone_pressure_plate":4,"minecraft:sandstone":3,"biomesoplenty:willow_planks":3,"minecraft:wooden_pickaxe":5,"minecraft:cyan_bed":1,"securitycraft:reinforced_stone_button":1},"minecraft:killed_by":{"minecraft:zombie":3,"minecraft:husk":2,"minecraft:player":2,"minecraft:skeleton":1}},"DataVersion":3465}