{"stats":{"minecraft:mined":{"biomesoplenty:spanish_moss":23,"minecraft:spruce_planks":1,"minecraft:yellow_wall_banner":1,"minecraft:white_bed":5,"minecraft:oak_sapling":1,"minecraft:mossy_cobblestone":1,"biomesoplenty:desert_grass":1,"minecraft:spruce_trapdoor":1,"minecraft:dark_oak_fence":1,"minecraft:stripped_crimson_hyphae":1,"minecraft:acacia_log":1,"minecraft:grass_block":7,"minecraft:spruce_fence":1,"vinery:savanna_grape_bush_red":3,"minecraft:coal_block":3,"biomesoplenty:cattail":1,"tacz:gun_smith_table":3,"biomesoplenty:willow_planks":5,"minecraft:spawner":1,"minecraft:large_fern":4,"minecraft:tall_seagrass":2,"minecraft:furnace":2,"minecraft:iron_ore":1,"minecraft:cobbled_deepslate":8,"zombie_extreme:ore_steel":15,"minecraft:stripped_dark_oak_wood":2,"minecraft:peony":2,"zombie_extreme:oil_shale_sand":1,"minecraft:iron_bars":1,"minecraft:lantern":1,"minecraft:stone":87,"minecraft:green_bed":1,"biomesoplenty:willow_leaves":12,"minecraft:smithing_table":1,"lootr:lootr_barrel":1,"minecraft:crafting_table":5,"minecraft:torch":6,"minecraft:calcite":15,"minecraft:melon":7,"minecraft:rose_bush":1,"zombie_extreme:barbed_fence":2,"minecraft:oak_planks":3,"minecraft:copper_ore":4,"minecraft:tall_grass":5,"minecraft:cobblestone":58,"vinery:savanna_grape_bush_white":3,"farmersdelight:wild_tomatoes":2,"minecraft:cyan_bed":4,"biomesoplenty:willow_log":18,"minecraft:lily_pad":1,"minecraft:damaged_anvil":1,"minecraft:diorite":1,"minecraft:wall_torch":6,"minecraft:skeleton_skull":1,"minecraft:seagrass":1,"minecraft:fire_coral_fan":1,"minecraft:black_stained_glass":11,"minecraft:purple_bed":2,"minecraft:acacia_sapling":2,"biomesoplenty:spanish_moss_plant":9,"zombie_extreme:thorium_ore":1,"biomesoplenty:mahogany_log":4,"minecraft:jungle_fence":1,"minecraft:stone_brick_stairs":1,"minecraft:grass":66,"minecraft:coal_ore":10,"minecraft:cyan_carpet":1,"minecraft:gravel":7,"minecraft:dirt":15,"minecraft:cobweb":4,"minecraft:stone_bricks":4,"minecraft:deepslate":18,"minecraft:fern":42,"minecraft:dark_oak_planks":1},"minecraft:picked_up":{"minecraft:wooden_axe":1,"vinery:savanna_grape_seeds_white":6,"minecraft:crafting_table":5,"minecraft:wheat":7,"minecraft:chicken":1,"minecraft:smithing_table":1,"minecraft:wooden_pickaxe":3,"minecraft:stone_brick_stairs":1,"vinery:savanna_grape_seeds_red":5,"minecraft:iron_axe":1,"minecraft:string":8,"minecraft:raw_copper":42,"minecraft:iron_leggings":1,"minecraft:cyan_carpet":3,"minecraft:beetroot":8,"minecraft:sea_pickle":1,"biomesoplenty:willow_planks":10,"minecraft:cobbled_deepslate":26,"minecraft:spruce_planks":1,"minecraft:red_dye":2,"minecraft:rose_bush":1,"minecraft:calcite":18,"zombie_extreme:oil_shale":1,"minecraft:melon_slice":37,"minecraft:coal_block":6,"minecraft:chest":3,"farmersdelight:cabbage_seeds":2,"minecraft:furnace":3,"minecraft:stripped_crimson_hyphae":1,"minecraft:stick":16,"minecraft:green_bed":1,"minecraft:torch":17,"minecraft:acacia_log":32,"minecraft:porkchop":12,"farmersdelight:tomato_seeds":8,"minecraft:cake":1,"minecraft:diorite":1,"minecraft:yellow_banner":1,"minecraft:stone_sword":1,"minecraft:arrow":24,"minecraft:rotten_flesh":5,"biomesoplenty:willow_sapling":1,"minecraft:peony":1,"biomesoplenty:mahogany_sapling":5,"minecraft:glistering_melon_slice":3,"minecraft:gold_ingot":1,"supplementaries:ash":1,"zombie_extreme:butcher_knife":1,"minecraft:mutton":10,"minecraft:skeleton_skull":1,"minecraft:white_wool":3,"minecraft:cobblestone":139,"minecraft:feather":1,"minecraft:leather":2,"alexsmobs:acacia_blossom":1,"minecraft:oak_log":5,"minecraft:lily_pad":1,"minecraft:gunpowder":6,"minecraft:lantern":2,"minecraft:dirt":34,"minecraft:paper":2,"zombie_extreme:raw_steel":15,"minecraft:bone":15,"minecraft:apple":4,"minecraft:wheat_seeds":12,"minecraft:oak_planks":2,"alexsmobs:blobfish":1,"zombie_extreme:barbed_fence":2,"minecraft:iron_ingot":8,"minecraft:stone_pickaxe":1,"tacz:gun_smith_table":3,"lightmanscurrency:coin_iron":69,"minecraft:acacia_sapling":5,"minecraft:cooked_porkchop":3,"minecraft:gravel":6,"minecraft:white_bed":4,"minecraft:cyan_bed":5,"alexsmobs:animal_dictionary":1,"minecraft:mossy_cobblestone":3,"lightmanscurrency:coin_copper":186,"biomesoplenty:mahogany_log":46,"biomesoplenty:willow_log":17,"minecraft:stone_axe":1,"bossominium:the_bossdexium":1,"minecraft:bone_meal":18,"zombie_extreme:raw_thorium":3,"minecraft:golden_apple":1,"minecraft:gray_wool":3,"minecraft:spruce_sign":4,"minecraft:bread":6,"alexsmobs:maggot":2,"minecraft:oak_sapling":6,"minecraft:damaged_anvil":1,"minecraft:coal":29},"minecraft:crafted":{"minecraft:coal":27,"biomesoplenty:mahogany_planks":184,"minecraft:furnace":1,"minecraft:bone_meal":45,"minecraft:ladder":6,"minecraft:stone_pickaxe":1,"minecraft:cooked_beef":1,"minecraft:red_dye":1,"minecraft:cooked_cod":6,"minecraft:wooden_shovel":1,"minecraft:cooked_porkchop":3,"minecraft:crafting_table":6,"minecraft:wooden_pickaxe":7,"biomesoplenty:willow_planks":64,"minecraft:stone_axe":1,"minecraft:bread":1,"minecraft:air":0,"minecraft:iron_chestplate":1,"minecraft:golden_leggings":1,"biomesoplenty:mahogany_door":3,"minecraft:stick":24,"minecraft:iron_ingot":1,"minecraft:wooden_axe":2,"minecraft:stone_sword":1,"minecraft:white_bed":1,"minecraft:torch":16},"minecraft:killed_by":{"minecraft:husk":2,"minecraft:player":2,"minecraft:skeleton":1},"minecraft:broken":{"minecraft:stone_sword":1,"minecraft:wooden_pickaxe":2},"minecraft:custom":{"minecraft:interact_with_smithing_table":2,"lootr:looted_stat":47,"minecraft:interact_with_anvil":1,"minecraft:mob_kills":39,"minecraft:interact_with_crafting_table":35,"minecraft:open_barrel":1,"minecraft:eat_cake_slice":14,"minecraft:leave_game":33,"minecraft:time_since_death":57055,"minecraft:climb_one_cm":14261,"minecraft:sprint_one_cm":337528,"minecraft:walk_one_cm":344300,"minecraft:drop":74,"minecraft:damage_dealt_absorbed":40,"minecraft:play_time":217327,"minecraft:deaths":13,"minecraft:sneak_time":10057,"minecraft:walk_under_water_one_cm":24348,"minecraft:jump":2942,"minecraft:interact_with_blast_furnace":3,"minecraft:walk_on_water_one_cm":14692,"minecraft:total_world_time":217327,"minecraft:interact_with_furnace":14,"minecraft:interact_with_loom":1,"minecraft:sleep_in_bed":6,"minecraft:time_since_rest":35248,"minecraft:damage_absorbed":40,"minecraft:damage_taken":8058,"minecraft:damage_dealt":7393,"minecraft:swim_one_cm":38492,"minecraft:fly_one_cm":557727,"minecraft:open_chest":62,"minecraft:crouch_one_cm":23837,"minecraft:fall_one_cm":97687},"minecraft:used":{"minecraft:beetroot":3,"minecraft:stone_sword":150,"tacz:gun_smith_table":2,"minecraft:iron_sword":7,"minecraft:wooden_shovel":10,"minecraft:iron_chestplate":1,"minecraft:torch":33,"minecraft:dirt":31,"minecraft:mutton":8,"minecraft:chainmail_chestplate":1,"minecraft:carrot":40,"alexsmobs:maggot":2,"minecraft:wooden_axe":64,"minecraft:iron_axe":7,"minecraft:furnace":2,"minecraft:cooked_cod":6,"minecraft:egg":1,"minecraft:cooked_beef":1,"minecraft:cobbled_deepslate":25,"alexsmobs:blobfish":1,"minecraft:yellow_banner":1,"minecraft:water_bucket":31,"biomesoplenty:willow_log":1,"minecraft:oak_planks":1,"biomesoplenty:willow_planks":20,"minecraft:stone_pickaxe":130,"minecraft:wooden_pickaxe":140,"minecraft:green_bed":1,"biomesoplenty:willow_sapling":1,"minecraft:golden_apple":1,"biomesoplenty:mahogany_door":1,"minecraft:crafting_table":10,"minecraft:white_bed":4,"minecraft:cake":4,"minecraft:apple":4,"minecraft:bread":23,"minecraft:cyan_bed":3,"minecraft:melon_slice":11,"minecraft:leather_helmet":1,"minecraft:gravel":2,"minecraft:golden_leggings":1,"minecraft:stone_axe":48,"vinery:savanna_grape_seeds_red":5,"minecraft:cobblestone":134,"minecraft:porkchop":4,"minecraft:cooked_porkchop":4,"minecraft:pumpkin_pie":5,"minecraft:bucket":31,"minecraft:gray_wool":1,"biomesoplenty:mahogany_planks":15,"minecraft:chainmail_leggings":1},"minecraft:dropped":{"farmersdelight:tomato_seeds":8,"minecraft:bread":11,"minecraft:wheat_seeds":1,"lightmanscurrency:coin_copper":13,"minecraft:oak_log":5,"minecraft:mossy_cobblestone":3,"minecraft:feather":2,"minecraft:cobblestone":3,"minecraft:acacia_log":18,"minecraft:golden_apple":1,"minecraft:coal":4,"minecraft:stick":7,"zombie_extreme:barbed_fence":2,"minecraft:dirt":1,"zombie_extreme:raw_thorium":1,"minecraft:gray_wool":1,"minecraft:diorite":1,"minecraft:wooden_axe":2,"minecraft:rose_bush":1,"minecraft:pumpkin_pie":4,"minecraft:red_dye":2,"alexsmobs:animal_dictionary":1,"minecraft:cobbled_deepslate":1,"minecraft:wheat":1,"minecraft:rotten_flesh":2,"minecraft:white_bed":1,"minecraft:carrot":2,"zombie_extreme:raw_steel":1,"vinery:savanna_grape_seeds_white":6,"minecraft:gunpowder":1,"minecraft:cake":1,"minecraft:ladder":6,"minecraft:oak_sapling":2,"minecraft:wooden_shovel":1,"biomesoplenty:willow_planks":3,"minecraft:wooden_pickaxe":5,"minecraft:cyan_bed":1},"minecraft:killed":{"minecraft:skeleton":12,"zombie_extreme:clicker":1,"minecraft:chicken":1,"zombie_extreme:runner":1,"zombie_extreme:crawler":1,"minecraft:pig":3,"minecraft:zombie_villager":1,"zombie_extreme:infected_hazmat":1,"polly_pets:ferret":1,"minecraft:frog":1,"minecraft:creeper":5,"minecraft:sheep":4,"zombie_extreme:devestated":1,"minecraft:zombie":6}},"DataVersion":3465}