{"stats":{"minecraft:mined":{"biomesoplenty:spanish_moss":23,"minecraft:yellow_wall_banner":1,"minecraft:white_bed":5,"minecraft:oak_sapling":1,"minecraft:mossy_cobblestone":1,"biomesoplenty:desert_grass":1,"minecraft:spruce_trapdoor":1,"minecraft:dark_oak_fence":1,"minecraft:acacia_log":1,"minecraft:grass_block":7,"minecraft:spruce_fence":1,"minecraft:coal_block":3,"biomesoplenty:cattail":1,"tacz:gun_smith_table":3,"biomesoplenty:willow_planks":5,"minecraft:spawner":1,"minecraft:large_fern":4,"minecraft:tall_seagrass":2,"minecraft:furnace":2,"minecraft:iron_ore":1,"minecraft:cobbled_deepslate":8,"zombie_extreme:ore_steel":15,"minecraft:stripped_dark_oak_wood":2,"minecraft:peony":2,"minecraft:iron_bars":1,"minecraft:lantern":1,"minecraft:stone":87,"biomesoplenty:willow_leaves":12,"minecraft:smithing_table":1,"minecraft:crafting_table":5,"minecraft:torch":6,"minecraft:calcite":15,"minecraft:rose_bush":1,"zombie_extreme:barbed_fence":2,"minecraft:copper_ore":4,"minecraft:tall_grass":5,"minecraft:cobblestone":58,"vinery:savanna_grape_bush_white":1,"farmersdelight:wild_tomatoes":2,"minecraft:cyan_bed":4,"biomesoplenty:willow_log":18,"minecraft:lily_pad":1,"minecraft:damaged_anvil":1,"minecraft:diorite":1,"minecraft:wall_torch":6,"minecraft:skeleton_skull":1,"minecraft:seagrass":1,"minecraft:black_stained_glass":11,"minecraft:purple_bed":2,"minecraft:acacia_sapling":1,"biomesoplenty:spanish_moss_plant":9,"zombie_extreme:thorium_ore":1,"minecraft:stone_brick_stairs":1,"minecraft:grass":52,"minecraft:coal_ore":10,"minecraft:cyan_carpet":1,"minecraft:gravel":7,"minecraft:dirt":15,"minecraft:cobweb":4,"minecraft:stone_bricks":4,"minecraft:deepslate":18,"minecraft:fern":37,"minecraft:dark_oak_planks":1},"minecraft:picked_up":{"minecraft:wooden_axe":1,"vinery:savanna_grape_seeds_white":4,"minecraft:crafting_table":5,"minecraft:wheat":7,"minecraft:smithing_table":1,"minecraft:wooden_pickaxe":3,"minecraft:stone_brick_stairs":1,"minecraft:string":8,"minecraft:raw_copper":42,"minecraft:cyan_carpet":3,"minecraft:beetroot":8,"biomesoplenty:willow_planks":10,"minecraft:cobbled_deepslate":26,"minecraft:red_dye":2,"minecraft:rose_bush":1,"minecraft:calcite":18,"minecraft:coal_block":6,"minecraft:chest":3,"farmersdelight:cabbage_seeds":2,"minecraft:furnace":3,"minecraft:stick":12,"minecraft:torch":17,"minecraft:acacia_log":18,"minecraft:porkchop":12,"farmersdelight:tomato_seeds":8,"minecraft:cake":1,"minecraft:diorite":1,"minecraft:yellow_banner":1,"minecraft:stone_sword":1,"minecraft:arrow":24,"minecraft:rotten_flesh":4,"biomesoplenty:willow_sapling":1,"minecraft:peony":1,"minecraft:glistering_melon_slice":3,"minecraft:gold_ingot":1,"supplementaries:ash":1,"zombie_extreme:butcher_knife":1,"minecraft:mutton":10,"minecraft:cobblestone":139,"minecraft:skeleton_skull":1,"minecraft:white_wool":3,"minecraft:feather":1,"minecraft:leather":2,"alexsmobs:acacia_blossom":1,"minecraft:oak_log":5,"minecraft:lily_pad":1,"minecraft:gunpowder":6,"minecraft:lantern":2,"minecraft:dirt":34,"minecraft:paper":2,"zombie_extreme:raw_steel":15,"minecraft:bone":15,"minecraft:apple":4,"minecraft:wheat_seeds":12,"zombie_extreme:barbed_fence":2,"minecraft:iron_ingot":8,"minecraft:stone_pickaxe":1,"tacz:gun_smith_table":3,"lightmanscurrency:coin_iron":69,"minecraft:acacia_sapling":4,"minecraft:cooked_porkchop":3,"minecraft:gravel":6,"minecraft:white_bed":4,"minecraft:cyan_bed":5,"alexsmobs:animal_dictionary":1,"minecraft:mossy_cobblestone":3,"lightmanscurrency:coin_copper":186,"biomesoplenty:willow_log":17,"minecraft:stone_axe":1,"bossominium:the_bossdexium":1,"minecraft:bone_meal":18,"zombie_extreme:raw_thorium":3,"minecraft:golden_apple":1,"minecraft:gray_wool":3,"minecraft:spruce_sign":4,"minecraft:bread":6,"alexsmobs:maggot":2,"minecraft:oak_sapling":6,"minecraft:damaged_anvil":1,"minecraft:coal":29},"minecraft:crafted":{"minecraft:coal":27,"minecraft:furnace":1,"minecraft:bone_meal":45,"minecraft:stone_pickaxe":1,"minecraft:cooked_beef":1,"minecraft:red_dye":1,"minecraft:cooked_cod":6,"minecraft:wooden_shovel":1,"minecraft:cooked_porkchop":3,"minecraft:crafting_table":4,"minecraft:wooden_pickaxe":6,"biomesoplenty:willow_planks":64,"minecraft:stone_axe":1,"minecraft:bread":1,"minecraft:air":0,"minecraft:iron_chestplate":1,"minecraft:golden_leggings":1,"minecraft:stick":20,"minecraft:iron_ingot":1,"minecraft:wooden_axe":1,"minecraft:stone_sword":1,"minecraft:white_bed":1,"minecraft:torch":16},"minecraft:killed_by":{"minecraft:husk":2,"minecraft:player":1,"minecraft:skeleton":1},"minecraft:broken":{"minecraft:stone_sword":1,"minecraft:wooden_pickaxe":2},"minecraft:custom":{"minecraft:interact_with_smithing_table":2,"lootr:looted_stat":23,"minecraft:interact_with_anvil":1,"minecraft:mob_kills":37,"minecraft:interact_with_crafting_table":32,"minecraft:open_barrel":1,"minecraft:eat_cake_slice":14,"minecraft:leave_game":17,"minecraft:time_since_death":7665,"minecraft:climb_one_cm":9320,"minecraft:sprint_one_cm":275099,"minecraft:walk_one_cm":253350,"minecraft:drop":72,"minecraft:damage_dealt_absorbed":40,"minecraft:play_time":142971,"minecraft:deaths":9,"minecraft:sneak_time":8918,"minecraft:walk_under_water_one_cm":9310,"minecraft:jump":2503,"minecraft:interact_with_blast_furnace":3,"minecraft:walk_on_water_one_cm":11881,"minecraft:total_world_time":142971,"minecraft:interact_with_furnace":14,"minecraft:interact_with_loom":1,"minecraft:sleep_in_bed":1,"minecraft:time_since_rest":8046,"minecraft:damage_absorbed":40,"minecraft:damage_taken":6350,"minecraft:damage_dealt":7181,"minecraft:swim_one_cm":18610,"minecraft:fly_one_cm":456225,"minecraft:open_chest":33,"minecraft:crouch_one_cm":21003,"minecraft:fall_one_cm":76082},"minecraft:used":{"minecraft:beetroot":3,"minecraft:stone_sword":150,"tacz:gun_smith_table":2,"minecraft:wooden_shovel":10,"minecraft:iron_chestplate":1,"minecraft:torch":33,"minecraft:dirt":31,"minecraft:mutton":8,"minecraft:chainmail_chestplate":1,"minecraft:carrot":40,"alexsmobs:maggot":2,"minecraft:wooden_axe":48,"minecraft:furnace":2,"minecraft:cooked_cod":6,"minecraft:egg":1,"minecraft:cooked_beef":1,"minecraft:cobbled_deepslate":25,"minecraft:yellow_banner":1,"minecraft:water_bucket":2,"biomesoplenty:willow_log":1,"biomesoplenty:willow_planks":20,"minecraft:stone_pickaxe":130,"minecraft:wooden_pickaxe":138,"biomesoplenty:willow_sapling":1,"minecraft:golden_apple":1,"minecraft:crafting_table":8,"minecraft:white_bed":4,"minecraft:cake":4,"minecraft:apple":4,"minecraft:bread":23,"minecraft:leather_helmet":1,"minecraft:gravel":2,"minecraft:golden_leggings":1,"minecraft:stone_axe":44,"minecraft:cobblestone":134,"minecraft:porkchop":4,"minecraft:cooked_porkchop":4,"minecraft:pumpkin_pie":5,"minecraft:bucket":2,"minecraft:gray_wool":1,"minecraft:chainmail_leggings":1},"minecraft:dropped":{"farmersdelight:tomato_seeds":8,"minecraft:bread":11,"minecraft:wheat_seeds":1,"lightmanscurrency:coin_copper":13,"minecraft:oak_log":5,"minecraft:mossy_cobblestone":3,"minecraft:feather":2,"minecraft:cobblestone":3,"minecraft:acacia_log":18,"minecraft:coal":4,"minecraft:golden_apple":1,"minecraft:stick":7,"zombie_extreme:barbed_fence":2,"minecraft:dirt":1,"zombie_extreme:raw_thorium":1,"minecraft:gray_wool":1,"minecraft:diorite":1,"minecraft:wooden_axe":2,"minecraft:rose_bush":1,"minecraft:pumpkin_pie":4,"minecraft:red_dye":2,"alexsmobs:animal_dictionary":1,"minecraft:cobbled_deepslate":1,"minecraft:wheat":1,"minecraft:rotten_flesh":2,"minecraft:white_bed":1,"minecraft:carrot":2,"zombie_extreme:raw_steel":1,"vinery:savanna_grape_seeds_white":4,"minecraft:gunpowder":1,"minecraft:cake":1,"minecraft:oak_sapling":2,"minecraft:wooden_shovel":1,"biomesoplenty:willow_planks":3,"minecraft:wooden_pickaxe":5,"minecraft:cyan_bed":1},"minecraft:killed":{"minecraft:skeleton":12,"zombie_extreme:clicker":1,"zombie_extreme:runner":1,"zombie_extreme:crawler":1,"minecraft:pig":3,"minecraft:zombie_villager":1,"zombie_extreme:infected_hazmat":1,"polly_pets:ferret":1,"minecraft:frog":1,"minecraft:creeper":5,"minecraft:sheep":4,"minecraft:zombie":6}},"DataVersion":3465}