{"stats":{"minecraft:mined":{"biomesoplenty:desert_grass":1,"argentinas_delight:salmoncrudo":1,"biomesoplenty:bush":1,"minecraft:grass_block":5,"zombie_extreme:dead_body":1,"minecraft:spruce_leaves":1,"biomesoplenty:cattail":2,"minecraft:sandstone":10,"argentinas_delight:espinacamadura":2,"minecraft:furnace":5,"minecraft:cobbled_deepslate":2,"zombie_extreme:decomposing_backpack":1,"minecraft:fire":1,"zombie_extreme:ore_steel":1,"zombie_extreme:oil_shale_sand":3,"minecraft:stone":14,"biomesoplenty:willow_leaves":4,"biomesoplenty:wildflower":1,"minecraft:crafting_table":1,"bakery:wild_strawberries":1,"minecraft:cobblestone":1,"farmersdelight:wild_tomatoes":1,"biomesoplenty:willow_log":3,"minecraft:sugar_cane":2,"minecraft:iron_door":1,"minecraft:spruce_log":2,"minecraft:grass":36,"minecraft:oak_log":15,"minecraft:coal_ore":26,"minecraft:gravel":4,"minecraft:sand":10,"minecraft:dirt":4,"minecraft:cobweb":3,"minecraft:oak_leaves":2,"minecraft:fern":12},"minecraft:picked_up":{"minecraft:crafting_table":1,"minecraft:chicken":1,"bakery:strawberry_seeds":1,"zombie_extreme:decomposing_backpack":1,"alexsmobs:gazelle_horn":4,"minecraft:string":3,"vinery:savanna_grapes_red":21,"minecraft:cobbled_deepslate":2,"zombie_extreme:oil_shale":3,"minecraft:sugar_cane":4,"minecraft:furnace":5,"minecraft:stick":4,"minecraft:sandstone":10,"minecraft:bowl":1,"minecraft:porkchop":3,"farmersdelight:tomato_seeds":1,"minecraft:arrow":2,"minecraft:rotten_flesh":3,"minecraft:beetroot_seeds":3,"biomesoplenty:cattail":1,"zombie_extreme:rotten_apple":1,"alexsmobs:emu_egg":2,"supplementaries:ash":2,"minecraft:mutton":6,"minecraft:cobblestone":14,"minecraft:feather":10,"minecraft:iron_door":1,"minecraft:salmon":1,"minecraft:flint":1,"minecraft:oak_log":15,"zombie_extreme:raw_steel":1,"minecraft:dirt":8,"vinery:savanna_grapes_white":15,"minecraft:wooden_hoe":1,"minecraft:paper":4,"zombie_extreme:dead_body":1,"minecraft:bone":1,"minecraft:wheat_seeds":7,"minecraft:iron_ingot":4,"lightmanscurrency:coin_iron":5,"minecraft:oak_planks":10,"minecraft:gravel":8,"minecraft:sand":10,"argentinas_delight:espinacaitem":6,"minecraft:spruce_log":2,"lightmanscurrency:coin_copper":20,"biomesoplenty:willow_log":3,"minecraft:bread":2,"minecraft:oak_sapling":6,"minecraft:coal":38},"minecraft:crafted":{"minecraft:oak_planks":60,"minecraft:cooked_chicken":1,"zombie_extreme:ignotsteel":1,"minecraft:furnace":1,"minecraft:cooked_mutton":2,"minecraft:flint_and_steel":1,"minecraft:bow":1,"minecraft:iron_boots":1,"minecraft:cooked_cod":5,"zombie_extreme:steel_axe":1,"minecraft:crafting_table":4,"minecraft:spruce_planks":8,"minecraft:iron_helmet":1,"minecraft:iron_sword":1,"alexsmobs:boiled_emu_egg":1,"minecraft:stone_axe":1,"minecraft:air":0,"minecraft:iron_chestplate":1,"minecraft:shield":1,"minecraft:stick":12,"minecraft:iron_ingot":28,"minecraft:iron_pickaxe":1,"minecraft:iron_leggings":1,"minecraft:beetroot_soup":1},"minecraft:custom":{"minecraft:interact_with_smithing_table":1,"lootr:looted_stat":7,"minecraft:mob_kills":26,"minecraft:interact_with_anvil":1,"minecraft:interact_with_crafting_table":20,"minecraft:eat_cake_slice":4,"minecraft:leave_game":6,"minecraft:time_since_death":19932,"minecraft:sprint_one_cm":235252,"minecraft:walk_one_cm":213872,"minecraft:damage_blocked_by_shield":45,"minecraft:drop":32,"minecraft:talked_to_villager":2,"minecraft:play_time":109284,"minecraft:deaths":5,"minecraft:sneak_time":520,"minecraft:walk_under_water_one_cm":4500,"minecraft:jump":1731,"minecraft:walk_on_water_one_cm":4130,"minecraft:total_world_time":109284,"minecraft:interact_with_furnace":29,"minecraft:time_since_rest":19961,"minecraft:damage_taken":3130,"minecraft:damage_absorbed":40,"minecraft:damage_dealt":4163,"minecraft:player_kills":2,"minecraft:swim_one_cm":10417,"minecraft:fly_one_cm":386628,"minecraft:open_chest":42,"minecraft:crouch_one_cm":1299,"minecraft:fall_one_cm":58282},"minecraft:used":{"alexsmobs:emu_egg":1,"minecraft:flint_and_steel":12,"minecraft:spruce_planks":8,"minecraft:shield":1,"minecraft:iron_sword":139,"minecraft:cooked_salmon":3,"minecraft:cooked_chicken":1,"minecraft:rotten_flesh":1,"minecraft:iron_chestplate":1,"minecraft:dirt":4,"minecraft:mutton":3,"vinery:savanna_grapes_white":12,"zombie_extreme:dog_food":1,"minecraft:iron_helmet":1,"vinery:savanna_grapes_red":17,"minecraft:bow":6,"minecraft:furnace":5,"minecraft:cooked_cod":8,"minecraft:acacia_planks":2,"minecraft:cobbled_deepslate":2,"alexsmobs:boiled_emu_egg":1,"minecraft:iron_leggings":1,"minecraft:beetroot_soup":1,"minecraft:cooked_mutton":2,"minecraft:oak_planks":25,"minecraft:sandstone":10,"zombie_extreme:rotten_apple":1,"minecraft:golden_apple":1,"minecraft:sand":10,"zombie_extreme:steel_axe":11,"minecraft:crafting_table":5,"minecraft:bread":4,"minecraft:iron_pickaxe":67,"minecraft:gravel":5,"zombie_extreme:baseball_bat":5,"minecraft:stone_axe":8,"minecraft:fishing_rod":8,"argentinas_delight:espinacaitem":5,"minecraft:cobblestone":3,"minecraft:porkchop":3},"minecraft:dropped":{"farmersdelight:tomato_seeds":1,"minecraft:wheat_seeds":7,"minecraft:feather":2,"biomesoplenty:cattail":1,"minecraft:stick":2,"minecraft:flint":1,"bakery:strawberry_seeds":1,"minecraft:wooden_hoe":1,"zombie_extreme:baseball_bat":1,"minecraft:cooked_cod":2,"minecraft:paper":4,"minecraft:fishing_rod":1,"minecraft:gravel":3,"minecraft:stone_axe":1,"minecraft:bowl":1,"minecraft:rotten_flesh":3,"zombie_extreme:dead_body":1,"vinery:savanna_grape_seeds_white":1,"supplementaries:ash":1,"zombie_extreme:decomposing_backpack":1,"vinery:savanna_grapes_white":2,"argentinas_delight:espinacaitem":6},"minecraft:killed":{"alexsmobs:lobster":1,"zombie_extreme:infected_juggernaut":1,"alexsmobs:shoebill":1,"alexsmobs:seagull":2,"minecraft:skeleton":1,"minecraft:chicken":1,"zombie_extreme:parasite":1,"minecraft:pig":1,"zombie_extreme:boomer":1,"zombie_extreme:infected":1,"zombie_extreme:infected_hazmat":1,"polly_pets:ferret":1,"alexsmobs:seal":1,"alexsmobs:emu":1,"alexsmobs:gazelle":7,"alexsmobs:fly":1,"minecraft:villager":1,"zombie_extreme:fetus":1}},"DataVersion":3465}