{"stats":{"minecraft:mined":{"biomesoplenty:spanish_moss":2,"argentinas_delight:salmoncrudo":1,"minecraft:acacia_log":44,"minecraft:grass_block":9,"biomesoplenty:cattail":2,"minecraft:spawner":1,"minecraft:sandstone_stairs":2,"minecraft:tall_seagrass":1,"minepop:randombox":1,"minecraft:fire":4,"zombie_extreme:decomposing_backpack":1,"minecraft:cobbled_deepslate":2,"zombie_extreme:ore_steel":1,"minecraft:green_bed":1,"biomesoplenty:willow_leaves":16,"biomesoplenty:wildflower":1,"minecraft:torch":2,"minecraft:cobblestone":23,"vinery:savanna_grape_bush_white":3,"minepop:minepop_alex":2,"minecraft:sugar_cane":2,"minecraft:oak_planks":5,"minecraft:iron_door":1,"minecraft:seagrass":2,"minecraft:grass":49,"minecraft:oak_log":20,"minecraft:sand":64,"minecraft:dirt":4,"minecraft:netherrack":109,"minecraft:oak_leaves":2,"minecraft:nether_gold_ore":2,"biomesoplenty:desert_grass":1,"minecraft:mangrove_roots":1,"minecraft:lever":1,"biomesoplenty:bush":1,"zombie_extreme:dead_body":1,"minecraft:spruce_leaves":1,"minecraft:sandstone":10,"biomesoplenty:willow_planks":1,"argentinas_delight:espinacamadura":2,"minecraft:furnace":15,"zombie_extreme:ore_lead":3,"minecraft:bookshelf":4,"zombie_extreme:oil_shale_sand":3,"minecraft:stone":56,"zombie_extreme:ore_aluminum":2,"minecraft:oak_slab":1,"minecraft:acacia_leaves":3,"minecraft:crafting_table":1,"bakery:wild_strawberries":1,"minecraft:lectern":1,"minecraft:tall_grass":1,"farmersdelight:wild_tomatoes":1,"biomesoplenty:willow_log":13,"minecraft:lily_pad":1,"supplementaries:urn":1,"minecraft:spruce_stairs":1,"minecraft:black_stained_glass":2,"biomesoplenty:mahogany_log":5,"minecraft:spruce_log":2,"minecraft:coal_ore":26,"minecraft:gravel":4,"minecraft:cobweb":3,"minecraft:fern":15},"minecraft:picked_up":{"minecraft:seagrass":2,"bakery:strawberry_seeds":1,"vinery:savanna_grape_seeds_red":1,"zombie_extreme:decomposing_backpack":1,"alexsmobs:gazelle_horn":7,"minecraft:string":3,"vinery:savanna_grapes_red":26,"alexsmobs:emu_feather":2,"minecraft:gold_nugget":8,"minecraft:cobbled_deepslate":2,"zombie_extreme:oil_shale":3,"minecraft:furnace":15,"minecraft:golden_helmet":1,"zombie_extreme:raw_aluminum":2,"minecraft:stick":12,"minecraft:acacia_log":43,"minecraft:torch":2,"minecraft:green_bed":1,"minecraft:spruce_stairs":1,"minecraft:porkchop":7,"minecraft:rotten_flesh":8,"zombie_extreme:rotten_apple":1,"alexsmobs:emu_egg":3,"minecraft:mangrove_roots":1,"supplementaries:ash":3,"minecraft:cod":2,"minecraft:cobblestone":130,"minecraft:feather":11,"minecraft:iron_door":1,"minecraft:golden_leggings":2,"minecraft:flint":1,"minecraft:dirt":12,"minecraft:bone":1,"minecraft:acacia_planks":4,"minecraft:wheat_seeds":7,"minecraft:oak_planks":28,"biomesoplenty:mahogany_planks":14,"minecraft:sand":55,"minecraft:ink_sac":2,"biomesoplenty:willow_log":14,"minecraft:diamond":1,"minecraft:lever":1,"minecraft:bread":2,"minecraft:spruce_sign":1,"minecraft:emerald":3,"minecraft:oak_sapling":11,"minecraft:netherrack":79,"vinery:savanna_grape_seeds_white":10,"minecraft:crafting_table":1,"minecraft:chicken":2,"minecraft:ladder":1,"minecraft:flint_and_steel":1,"minecraft:iron_shovel":1,"biomesoplenty:willow_planks":1,"minecraft:beef":6,"minecraft:lectern":1,"minecraft:sugar_cane":4,"crittersandcompanions:clam":1,"minecraft:egg":3,"minecraft:sandstone":10,"minepop:minepop_alex":2,"minecraft:bowl":1,"farmersdelight:tomato_seeds":1,"minecraft:arrow":2,"minecraft:beetroot_seeds":3,"biomesoplenty:cattail":1,"minecraft:sandstone_stairs":2,"minecraft:mutton":9,"minecraft:salmon":3,"minecraft:oak_log":27,"minecraft:lily_pad":1,"minecraft:golden_boots":1,"vinery:savanna_grapes_white":34,"minecraft:wooden_hoe":1,"minecraft:paper":4,"zombie_extreme:raw_steel":1,"zombie_extreme:dead_body":1,"zombie_extreme:raw_lead":3,"minecraft:kelp":19,"minecraft:iron_ingot":5,"lightmanscurrency:coin_iron":17,"minecraft:acacia_sapling":3,"minecraft:book":12,"minecraft:oak_slab":1,"endrem:black_eye":1,"minecraft:gravel":8,"minepop:randombox":2,"argentinas_delight:espinacaitem":9,"minecraft:spruce_log":2,"lightmanscurrency:coin_copper":35,"alexsmobs:raw_catfish":9,"biomesoplenty:mahogany_log":5,"lightmanscurrency:coin_gold":4,"argentinas_delight:cuernodetoro":1,"minecraft:coal":52},"minecraft:crafted":{"polly_pets:fried_egg":2,"minecraft:oak_planks":108,"minecraft:cooked_chicken":1,"minecraft:cooked_mutton":5,"minecraft:bow":1,"minecraft:iron_boots":1,"alexsmobs:cooked_catfish":5,"minecraft:golden_boots":1,"minecraft:cooked_porkchop":3,"minecraft:crafting_table":14,"minecraft:spruce_planks":8,"minecraft:iron_helmet":1,"minecraft:iron_chestplate":1,"minecraft:shield":2,"minecraft:stick":48,"minecraft:iron_pickaxe":3,"minecraft:iron_ingot":30,"biomesoplenty:mahogany_boat":2,"minecraft:beetroot_soup":1,"biomesoplenty:willow_boat":2,"biomesoplenty:mahogany_planks":20,"zombie_extreme:ignotsteel":1,"minecraft:furnace":3,"minecraft:flint_and_steel":1,"minecraft:ladder":12,"minecraft:golden_helmet":1,"minecraft:cooked_cod":7,"zombie_extreme:steel_axe":1,"minecraft:iron_sword":1,"alexsmobs:boiled_emu_egg":2,"minecraft:cooked_salmon":5,"minecraft:bucket":2,"minecraft:stone_axe":1,"biomesoplenty:willow_planks":32,"minecraft:acacia_boat":1,"minecraft:bread":8,"minecraft:air":0,"minecraft:oak_boat":1,"minecraft:iron_shovel":1,"minecraft:iron_leggings":1,"minecraft:acacia_planks":160},"minecraft:killed_by":{"minecraft:drowned":1},"minecraft:custom":{"lootr:looted_stat":24,"minecraft:interact_with_crafting_table":49,"minecraft:eat_cake_slice":4,"minecraft:leave_game":7,"minecraft:time_since_death":73237,"minecraft:sprint_one_cm":580107,"minecraft:damage_blocked_by_shield":1185,"minecraft:drop":110,"minecraft:talked_to_villager":2,"minecraft:play_time":256274,"minecraft:deaths":9,"minecraft:jump":4031,"minecraft:walk_on_water_one_cm":35998,"minecraft:interact_with_furnace":69,"minecraft:damage_dealt":10641,"minecraft:player_kills":3,"minecraft:crouch_one_cm":30864,"minecraft:interact_with_smithing_table":1,"minecraft:mob_kills":59,"minecraft:interact_with_anvil":1,"minecraft:climb_one_cm":1689,"minecraft:walk_one_cm":441037,"minecraft:sneak_time":10954,"minecraft:walk_under_water_one_cm":85114,"minecraft:boat_one_cm":60,"minecraft:total_world_time":256274,"minecraft:time_since_rest":73284,"minecraft:damage_taken":5870,"minecraft:damage_absorbed":40,"minecraft:swim_one_cm":83170,"minecraft:fly_one_cm":990356,"minecraft:open_chest":70,"minecraft:fish_caught":2,"minecraft:fall_one_cm":127144},"minecraft:used":{"alexsmobs:emu_egg":1,"minecraft:iron_shovel":53,"minecraft:ladder":11,"minecraft:shield":15,"minecraft:iron_sword":237,"minecraft:rotten_flesh":1,"minecraft:iron_chestplate":1,"minecraft:mutton":3,"vinery:savanna_grapes_white":30,"minecraft:acacia_sapling":1,"minecraft:lava_bucket":27,"zombie_extreme:dog_food":1,"minecraft:iron_helmet":1,"vinery:savanna_grapes_red":21,"minecraft:bow":14,"endrem:black_eye":1,"minecraft:furnace":18,"minecraft:cooked_cod":13,"polly_pets:fried_egg":2,"alexsmobs:raw_catfish":1,"biomesoplenty:willow_log":2,"minepop:minepop_alex":1,"biomesoplenty:willow_planks":4,"minecraft:oak_planks":69,"minecraft:sandstone":10,"minecraft:golden_apple":1,"minecraft:sand":20,"zombie_extreme:steel_axe":122,"minecraft:lever":1,"minecraft:bread":11,"minecraft:gravel":5,"minecraft:golden_helmet":1,"minecraft:oak_boat":1,"minecraft:experience_bottle":5,"minecraft:flint_and_steel":19,"minecraft:spruce_planks":8,"minecraft:cooked_salmon":10,"minecraft:cooked_chicken":1,"minecraft:netherrack":67,"minecraft:torch":2,"minecraft:dirt":6,"minecraft:spruce_stairs":1,"biomesoplenty:willow_boat":2,"minepop:randombox":2,"minecraft:goat_horn":4,"minecraft:acacia_planks":109,"minecraft:cobbled_deepslate":2,"minecraft:iron_leggings":1,"minecraft:beetroot_soup":1,"alexsmobs:boiled_emu_egg":1,"minecraft:cooked_mutton":5,"minecraft:acacia_boat":1,"alexsmobs:cooked_catfish":5,"minecraft:water_bucket":18,"minecraft:sandstone_stairs":2,"minecraft:glass_bottle":2,"zombie_extreme:rotten_apple":1,"minecraft:oak_slab":1,"minecraft:crafting_table":15,"minecraft:apple":1,"minecraft:iron_pickaxe":267,"minecraft:suspicious_stew":1,"zombie_extreme:baseball_bat":5,"biomesoplenty:mahogany_boat":2,"minecraft:stone_axe":8,"minecraft:fishing_rod":12,"minecraft:cobblestone":45,"argentinas_delight:espinacaitem":5,"minecraft:potion":2,"minecraft:cooked_porkchop":1,"minecraft:porkchop":3,"minecraft:bucket":48},"minecraft:dropped":{"minecraft:spruce_sign":1,"crittersandcompanions:clam":1,"biomesoplenty:mahogany_planks":20,"biomesoplenty:willow_log":1,"minecraft:flint":2,"minecraft:dirt":2,"zombie_extreme:baseball_bat":1,"minecraft:coast_armor_trim_smithing_template":1,"minecraft:cooked_cod":2,"minecraft:gold_nugget":8,"alexsmobs:emu_feather":2,"minecraft:fishing_rod":1,"minecraft:gold_ingot":2,"minecraft:gravel":3,"minecraft:stone_axe":1,"zombie_extreme:raw_aluminum":2,"alexsmobs:gazelle_horn":7,"minecraft:iron_nugget":2,"minecraft:wheat":1,"minecraft:rotten_flesh":8,"zombie_extreme:dead_body":1,"minecraft:carrot":3,"supplementaries:ash":3,"vinery:savanna_grape_seeds_white":15,"minecraft:gunpowder":3,"minecraft:acacia_sapling":2,"minecraft:ladder":2,"farmersdelight:rope":8,"minecraft:netherrack":12,"argentinas_delight:espinacaitem":9,"minecraft:egg":1,"minecraft:golden_boots":2,"farmersdelight:tomato_seeds":1,"minecraft:wheat_seeds":7,"minecraft:golden_helmet":2,"minecraft:feather":2,"minecraft:cobblestone":16,"biomesoplenty:cattail":1,"minecraft:acacia_log":3,"minecraft:stick":15,"bakery:strawberry_seeds":1,"minecraft:ink_sac":2,"minecraft:wooden_hoe":1,"minecraft:potion":2,"zombie_extreme:raw_lead":3,"minecraft:heart_of_the_sea":1,"minecraft:iron_shovel":2,"minecraft:paper":4,"minecraft:acacia_planks":12,"vinery:savanna_grape_seeds_red":3,"minecraft:kelp":19,"minecraft:bowl":3,"minecraft:flint_and_steel":1,"minecraft:filled_map":1,"minecraft:shield":1,"zombie_extreme:decomposing_backpack":1,"minecraft:golden_leggings":2,"minecraft:oak_sapling":7,"biomesoplenty:willow_planks":2,"vinery:savanna_grapes_white":2},"minecraft:killed":{"alexsmobs:lobster":1,"zombie_extreme:infected_juggernaut":1,"alexsmobs:shoebill":1,"minecraft:skeleton":1,"zombie_extreme:clicker":1,"minecraft:chicken":2,"minecraft:turtle":1,"minecraft:pig":4,"zombie_extreme:infected_hazmat":1,"polly_pets:ferret":2,"alexsmobs:seal":1,"zombie_extreme:zero_patient":1,"minecraft:pillager":2,"minecraft:zombie":1,"alexsmobs:fly":1,"zombie_extreme:fetus":1,"minecraft:cow":2,"minecraft:vindicator":1,"alexsmobs:seagull":3,"zombie_extreme:parasite":1,"minecraft:husk":4,"zombie_extreme:boomer":1,"zombie_extreme:infected":2,"minecraft:frog":1,"alexsmobs:emu":2,"alexsmobs:catfish":4,"alexsmobs:gazelle":13,"minecraft:villager":2}},"DataVersion":3465}