{"stats":{"minecraft:used":{"alexsmobs:emu_egg":1,"minecraft:iron_shovel":53,"minecraft:ladder":13,"minecraft:oak_sign":3,"minecraft:shield":35,"minecraft:chest":3,"minecraft:iron_sword":396,"zombie_extreme:dead_body":1,"minecraft:rotten_flesh":5,"minecraft:iron_chestplate":1,"minecraft:mutton":3,"vinery:savanna_grapes_white":30,"minecraft:jungle_planks":62,"minecraft:orange_wool":17,"minecraft:acacia_sapling":9,"zombie_extreme:dog_food":1,"minecraft:lava_bucket":29,"minecraft:iron_helmet":5,"vinery:savanna_grapes_red":21,"minecraft:stone_bricks":4,"minecraft:bow":32,"endrem:black_eye":1,"minecraft:furnace":21,"minecraft:cooked_cod":13,"polly_pets:fried_egg":2,"alexsmobs:raw_catfish":1,"biomesoplenty:willow_log":2,"minepop:minepop_alex":1,"minecraft:oak_planks":79,"biomesoplenty:willow_planks":4,"minecraft:sandstone":27,"minecraft:composter":1,"minecraft:golden_apple":1,"minecraft:sand":25,"zombie_extreme:steel_axe":286,"minecraft:lever":1,"minecraft:bread":57,"minecraft:lectern":107,"minecraft:gravel":7,"minecraft:golden_helmet":1,"minecraft:smithing_table":3,"minecraft:oak_boat":3,"minecraft:azalea":2,"minecraft:experience_bottle":7,"biomesoplenty:mahogany_planks":2,"minecraft:enchanting_table":1,"minecraft:flint_and_steel":19,"tacz:gun_smith_table":3,"minecraft:spruce_planks":8,"minecraft:cooked_salmon":10,"minecraft:cooked_chicken":1,"minecraft:netherrack":67,"minecraft:stick":3,"minecraft:torch":2,"minecraft:brewing_stand":6,"minecraft:dirt":8,"minecraft:anvil":6,"minecraft:spruce_stairs":1,"minecraft:diamond_helmet":1,"minecraft:jungle_trapdoor":1,"biomesoplenty:willow_boat":2,"minecraft:bookshelf":5,"minecraft:iron_axe":235,"minecraft:smooth_sandstone":15,"minecraft:jungle_log":3,"minecraft:crimson_planks":4,"minecraft:diamond_chestplate":1,"minepop:randombox":2,"minecraft:magenta_terracotta":3,"minecraft:goat_horn":6,"minecraft:cooked_beef":13,"minecraft:cobbled_deepslate":2,"minecraft:acacia_planks":109,"minecraft:beetroot_soup":1,"alexsmobs:boiled_emu_egg":1,"minecraft:iron_leggings":1,"alexsmobs:cooked_catfish":5,"minecraft:cooked_mutton":5,"minecraft:water_bucket":19,"minecraft:acacia_boat":2,"minecraft:sandstone_stairs":2,"minecraft:glass_bottle":2,"minecraft:cut_sandstone":35,"minecraft:smooth_sandstone_slab":1,"minecraft:green_bed":5,"minecraft:fletching_table":20,"minecraft:stonecutter":1,"zombie_extreme:rotten_apple":1,"minecraft:mossy_cobblestone":3,"minecraft:terracotta":1,"minecraft:tnt":3,"minecraft:crafting_table":27,"minecraft:oak_slab":4,"minecraft:white_bed":2,"minecraft:diamond_pickaxe":119,"minecraft:apple":1,"minecraft:iron_pickaxe":396,"minecraft:suspicious_stew":1,"minecraft:stone_axe":8,"biomesoplenty:mahogany_boat":2,"zombie_extreme:baseball_bat":5,"minecraft:fishing_rod":12,"minecraft:cobblestone":48,"argentinas_delight:espinacaitem":5,"minecraft:potion":2,"minecraft:stripped_crimson_hyphae":1,"minecraft:porkchop":3,"minecraft:cooked_porkchop":1,"minecraft:bucket":51,"minecraft:sandstone_slab":2},"minecraft:custom":{"lootr:looted_stat":64,"minecraft:interact_with_crafting_table":103,"minecraft:eat_cake_slice":4,"minecraft:leave_game":10,"minecraft:time_since_death":11876,"minecraft:sprint_one_cm":1111031,"minecraft:damage_blocked_by_shield":2340,"minecraft:drop":332,"minecraft:play_noteblock":2,"minecraft:talked_to_villager":245,"minecraft:play_time":499407,"minecraft:deaths":11,"minecraft:jump":7552,"minecraft:walk_on_water_one_cm":76309,"minecraft:enchant_item":3,"minecraft:interact_with_furnace":81,"minecraft:traded_with_villager":315,"minecraft:sleep_in_bed":17,"minecraft:damage_dealt":19201,"minecraft:player_kills":4,"minecraft:crouch_one_cm":39993,"minecraft:interact_with_smithing_table":6,"minecraft:inspect_dispenser":22,"minecraft:inspect_dropper":4,"minecraft:interact_with_anvil":15,"minecraft:mob_kills":109,"minecraft:climb_one_cm":17245,"minecraft:walk_one_cm":925080,"minecraft:sneak_time":15673,"minecraft:walk_under_water_one_cm":100762,"minecraft:boat_one_cm":60,"minecraft:total_world_time":499407,"minecraft:tune_noteblock":1,"minecraft:interact_with_stonecutter":1,"minecraft:time_since_rest":9973,"minecraft:damage_taken":8606,"minecraft:damage_absorbed":40,"minecraft:swim_one_cm":124186,"minecraft:fly_one_cm":1724232,"minecraft:open_chest":156,"minecraft:fish_caught":2,"minecraft:fall_one_cm":221108},"minecraft:killed":{"polly_pets:french_bulldog":1,"alexsmobs:lobster":1,"minecraft:spider":1,"zombie_extreme:infected_juggernaut":1,"alexsmobs:shoebill":1,"minecraft:skeleton":3,"zombie_extreme:clicker":1,"minecraft:chicken":2,"minecraft:silverfish":20,"minecraft:turtle":1,"minecraft:tropical_fish":1,"alexsmobs:triops":2,"minecraft:pig":4,"zombie_extreme:infected_hazmat":1,"polly_pets:ferret":2,"alexsmobs:seal":1,"minecraft:iron_golem":3,"zombie_extreme:zero_patient":1,"minecraft:creeper":1,"minecraft:sheep":1,"minecraft:pillager":5,"minecraft:zombie":3,"alexsmobs:rain_frog":1,"alexsmobs:fly":1,"zombie_extreme:fetus":1,"minecraft:cow":2,"zombie_extreme:faceless":2,"minecraft:vindicator":1,"alexsmobs:seagull":3,"zombie_extreme:parasite":1,"minecraft:husk":9,"alexsmobs:guster":1,"zombie_extreme:boomer":1,"zombie_extreme:infected":2,"minecraft:frog":1,"alexsmobs:emu":2,"alexsmobs:catfish":4,"alexsmobs:gazelle":13,"minecraft:villager":2},"minecraft:mined":{"biomesoplenty:spanish_moss":2,"minecraft:spruce_planks":1,"minecraft:stone_pressure_plate":6,"minecraft:jungle_slab":1,"minecraft:cobblestone_stairs":5,"minecraft:jungle_leaves":4,"minecraft:orange_wool":12,"argentinas_delight:salmoncrudo":1,"minecraft:brewing_stand":8,"minecraft:stripped_crimson_hyphae":2,"minecraft:acacia_log":73,"minecraft:grass_block":11,"minecraft:infested_cobblestone":9,"minecraft:jungle_log":63,"biomesoplenty:cattail":2,"minecraft:composter":2,"tacz:gun_smith_table":3,"minecraft:oak_wall_sign":1,"minecraft:spawner":1,"minecraft:sandstone_stairs":2,"minecraft:tall_seagrass":1,"minepop:randombox":1,"zombie_extreme:decomposing_backpack":1,"minecraft:mossy_cobblestone_stairs":2,"minecraft:sticky_piston":2,"minecraft:fire":6,"minecraft:cobbled_deepslate":2,"zombie_extreme:ore_steel":1,"minecraft:anvil":6,"minecraft:fletching_table":17,"minecraft:enchanting_table":1,"supplementaries:stick":2,"minecraft:oak_sign":1,"minecraft:flowering_azalea_leaves":1,"minecraft:quartz_slab":5,"minecraft:azalea_leaves":2,"minecraft:green_bed":6,"minecraft:spruce_slab":23,"minecraft:tripwire":2,"biomesoplenty:willow_leaves":16,"minecraft:jungle_trapdoor":1,"minecraft:sandstone_slab":2,"minecraft:cut_sandstone":34,"biomesoplenty:wildflower":1,"minecraft:torch":2,"minecraft:blast_furnace":1,"minecraft:melon":1,"minecraft:cobblestone":63,"vinery:savanna_grape_bush_white":3,"minecraft:oak_planks":18,"minepop:minepop_alex":2,"minecraft:sugar_cane":2,"minecraft:iron_door":1,"minecraft:smooth_sandstone_slab":1,"minecraft:seagrass":2,"minecraft:jungle_wood":1,"minecraft:mossy_stone_brick_wall":1,"minecraft:tnt":1,"minecraft:grass":49,"minecraft:oak_log":21,"minecraft:sand":85,"minecraft:dirt":4,"minecraft:dispenser":1,"minecraft:stonecutter":1,"minecraft:netherrack":110,"minecraft:oak_leaves":4,"minecraft:nether_gold_ore":2,"minecraft:mossy_cobblestone":18,"biomesoplenty:desert_grass":1,"minecraft:mangrove_roots":1,"minecraft:lever":1,"minecraft:ladder":2,"biomesoplenty:bush":1,"minecraft:jungle_planks":41,"minecraft:redstone_wire":15,"zombie_extreme:dead_body":1,"minecraft:spruce_leaves":1,"minecraft:moss_block":1,"minecraft:sandstone":29,"biomesoplenty:willow_planks":1,"minecraft:hay_block":18,"minecraft:oak_trapdoor":1,"argentinas_delight:espinacamadura":2,"minecraft:furnace":15,"zombie_extreme:ore_lead":3,"minecraft:bookshelf":8,"zombie_extreme:oil_shale_sand":3,"minecraft:vine":8,"crittersandcompanions:silk_cocoon":1,"minecraft:stone":67,"minecraft:bone_block":1,"minecraft:redstone_wall_torch":1,"zombie_extreme:ore_aluminum":2,"minecraft:smithing_table":3,"minecraft:oak_slab":20,"minecraft:acacia_leaves":8,"lootr:lootr_barrel":3,"minecraft:spruce_door":1,"minecraft:oak_fence":2,"minecraft:smooth_sandstone":18,"minecraft:crafting_table":3,"bakery:wild_strawberries":1,"minecraft:oak_wood":6,"biomesoplenty:mahogany_planks":3,"minecraft:lectern":106,"minecraft:tall_grass":1,"farmersdelight:wild_tomatoes":1,"biomesoplenty:willow_log":13,"minecraft:lily_pad":1,"supplementaries:urn":1,"minecraft:spruce_stairs":16,"minecraft:black_stained_glass":2,"biomesoplenty:mahogany_log":5,"minecraft:redstone_torch":1,"minecraft:magenta_terracotta":3,"minecraft:spruce_log":2,"minecraft:jungle_fence":1,"minecraft:coal_ore":41,"minecraft:gravel":7,"minecraft:cobweb":3,"minecraft:terracotta":4,"minecraft:stone_bricks":8,"minecraft:mossy_stone_bricks":7,"minecraft:fern":17},"minecraft:picked_up":{"minecraft:seagrass":2,"minecraft:wheat":2,"minecraft:anvil":6,"minecraft:smithing_table":3,"bakery:strawberry_seeds":1,"minecraft:brewing_stand":8,"vinery:savanna_grape_seeds_red":1,"zombie_extreme:decomposing_backpack":1,"alexsmobs:gazelle_horn":7,"minecraft:string":4,"vinery:savanna_grapes_red":26,"minecraft:oak_sign":3,"zombie_extreme:golf_club":1,"alexsmobs:emu_feather":2,"minecraft:gold_nugget":8,"minecraft:cobbled_deepslate":2,"minecraft:spruce_planks":1,"minecraft:redstone_torch":3,"minecraft:azalea":7,"zombie_extreme:oil_shale":3,"minecraft:melon_slice":4,"minecraft:furnace":15,"minecraft:tipped_arrow":5,"minecraft:golden_helmet":1,"zombie_extreme:raw_aluminum":2,"minecraft:stick":86,"minecraft:composter":2,"minecraft:oak_fence":4,"minecraft:torch":2,"minecraft:acacia_log":257,"minecraft:green_bed":6,"minecraft:spruce_stairs":22,"minecraft:porkchop":7,"minecraft:rotten_flesh":12,"minecraft:tropical_fish":1,"zombie_extreme:rotten_apple":1,"alexsmobs:emu_egg":3,"minecraft:mangrove_roots":1,"supplementaries:ash":3,"minecraft:obsidian":4,"minecraft:cod":2,"minecraft:cobblestone":174,"minecraft:enchanting_table":1,"minecraft:feather":11,"minecraft:iron_door":1,"minecraft:jungle_log":680,"minecraft:golden_leggings":2,"minecraft:jungle_wood":2,"minecraft:flint":7,"minecraft:magenta_terracotta":3,"minecraft:dirt":14,"minecraft:bone":2,"minecraft:acacia_planks":4,"minecraft:stonecutter":1,"minecraft:wheat_seeds":11,"minecraft:mossy_stone_bricks":6,"minecraft:fletching_table":17,"tacz:gun_smith_table":3,"minecraft:oak_planks":243,"biomesoplenty:mahogany_planks":16,"minecraft:sand":64,"minecraft:jungle_planks":38,"sophisticatedbackpacks:iron_backpack":1,"minecraft:ink_sac":2,"minecraft:mossy_cobblestone":18,"minecraft:jungle_slab":1,"minecraft:barrel":4,"minecraft:orange_wool":12,"minecraft:dispenser":1,"biomesoplenty:willow_log":14,"minecraft:diamond":4,"minecraft:lever":1,"minecraft:bone_meal":1,"minecraft:emerald":82,"minecraft:spruce_sign":1,"minecraft:bread":22,"minecraft:oak_sapling":11,"minecraft:netherrack":79,"minecraft:diamond_pickaxe":2,"vinery:savanna_grape_seeds_white":11,"minecraft:crafting_table":2,"minecraft:sandstone_slab":2,"minecraft:chicken":2,"minecraft:ladder":3,"minecraft:jungle_trapdoor":1,"minecraft:oak_trapdoor":1,"minecraft:flint_and_steel":1,"minecraft:quartz_slab":5,"minecraft:iron_shovel":1,"biomesoplenty:willow_planks":1,"minecraft:beef":6,"minecraft:oak_boat":1,"minecraft:poppy":3,"minecraft:spruce_slab":50,"minecraft:lectern":108,"minecraft:sugar_cane":4,"crittersandcompanions:clam":1,"minecraft:egg":3,"minecraft:stripped_crimson_hyphae":2,"minecraft:sandstone":26,"minepop:minepop_alex":2,"minecraft:bowl":1,"farmersdelight:tomato_seeds":1,"minecraft:redstone":14,"minecraft:stone_pressure_plate":10,"minecraft:smooth_sandstone_slab":1,"minecraft:tnt":1,"minecraft:arrow":19,"biomesoplenty:cattail":1,"minecraft:beetroot_seeds":3,"minecraft:hay_block":18,"crittersandcompanions:silk":5,"minecraft:sandstone_stairs":2,"minecraft:mutton":10,"minecraft:bone_block":1,"minecraft:white_wool":17,"minecraft:salmon":3,"minecraft:cut_sandstone":35,"minecraft:oak_log":39,"minecraft:lily_pad":1,"minecraft:golden_boots":1,"minecraft:cobblestone_stairs":4,"minecraft:wooden_hoe":1,"vinery:savanna_grapes_white":34,"minecraft:paper":4,"zombie_extreme:raw_steel":1,"zombie_extreme:raw_lead":3,"zombie_extreme:dead_body":1,"minecraft:smooth_sandstone":15,"minecraft:stone_bricks":8,"minecraft:kelp":19,"minecraft:iron_ingot":23,"minecraft:mossy_stone_brick_wall":1,"lightmanscurrency:coin_iron":32,"minecraft:flowering_azalea":5,"minecraft:acacia_sapling":12,"minecraft:book":24,"minecraft:oak_slab":16,"endrem:black_eye":1,"minecraft:gravel":10,"minepop:randombox":2,"minecraft:blast_furnace":1,"argentinas_delight:espinacaitem":9,"minecraft:spruce_log":2,"minecraft:spruce_door":1,"lightmanscurrency:coin_copper":117,"alexsmobs:raw_catfish":9,"minecraft:oak_wood":5,"biomesoplenty:mahogany_log":5,"lightmanscurrency:coin_gold":5,"minecraft:iron_helmet":4,"minecraft:mossy_cobblestone_stairs":2,"minecraft:terracotta":4,"argentinas_delight:cuernodetoro":1,"minecraft:coal":67},"minecraft:crafted":{"minecraft:grindstone":1,"polly_pets:fried_egg":2,"minecraft:oak_planks":248,"minecraft:oak_sign":3,"minecraft:cooked_chicken":1,"minecraft:stone":1,"minecraft:bookshelf":7,"minecraft:cooked_mutton":5,"minecraft:bow":1,"minecraft:diamond_helmet":1,"minecraft:diamond_leggings":3,"minecraft:iron_boots":1,"minecraft:chest":3,"alexsmobs:cooked_catfish":5,"minecraft:golden_boots":1,"minecraft:arrow":32,"minecraft:emerald":265,"minecraft:cooked_porkchop":3,"minecraft:crafting_table":25,"minecraft:spruce_planks":8,"minecraft:iron_helmet":11,"minecraft:smithing_table":1,"minecraft:fletching_table":3,"minecraft:lectern":1,"minecraft:iron_chestplate":1,"minecraft:diamond_pickaxe":1,"minecraft:shield":14,"minecraft:stick":8360,"minecraft:iron_ingot":36,"minecraft:iron_pickaxe":3,"minecraft:iron_block":3,"biomesoplenty:mahogany_boat":2,"minecraft:gold_ingot":14,"minecraft:sandstone":1,"minecraft:composter":1,"minecraft:beetroot_soup":1,"biomesoplenty:willow_boat":2,"biomesoplenty:mahogany_planks":20,"zombie_extreme:ignotsteel":1,"minecraft:furnace":4,"minecraft:flint_and_steel":1,"minecraft:iron_axe":3,"minecraft:ladder":12,"minecraft:diamond_boots":3,"minecraft:golden_helmet":1,"minecraft:chainmail_leggings":12,"minecraft:wheat":162,"minecraft:cooked_beef":7,"minecraft:cooked_cod":7,"zombie_extreme:steel_axe":1,"minecraft:crimson_planks":4,"minecraft:enchanting_table":1,"minecraft:iron_sword":3,"alexsmobs:boiled_emu_egg":2,"minecraft:cooked_salmon":5,"minecraft:bucket":2,"biomesoplenty:willow_planks":32,"minecraft:stone_axe":1,"minecraft:enchanted_book":5,"minecraft:acacia_boat":2,"minecraft:jungle_slab":12,"minecraft:bread":28,"minecraft:air":0,"minecraft:jungle_planks":2708,"minecraft:oak_boat":2,"minecraft:iron_leggings":1,"minecraft:iron_shovel":1,"minecraft:anvil":1,"minecraft:white_bed":2,"minecraft:acacia_planks":1412,"minecraft:diamond_chestplate":2},"minecraft:dropped":{"minecraft:spruce_sign":1,"minecraft:iron_sword":1,"crittersandcompanions:clam":1,"lightmanscurrency:coin_copper":11,"minecraft:oak_log":1,"zombie_extreme:steel_axe":1,"minecraft:crafting_table":1,"biomesoplenty:mahogany_planks":20,"biomesoplenty:willow_log":1,"minecraft:jungle_planks":2,"minecraft:flint":2,"minecraft:cobblestone_stairs":4,"minecraft:dirt":2,"minecraft:dispenser":1,"zombie_extreme:baseball_bat":1,"minecraft:coast_armor_trim_smithing_template":1,"minecraft:cooked_cod":2,"minecraft:gold_nugget":12,"alexsmobs:emu_feather":2,"minecraft:bone_meal":1,"minecraft:bone_block":1,"minecraft:iron_pickaxe":1,"minecraft:fishing_rod":1,"minecraft:gold_ingot":2,"minecraft:bone":1,"minecraft:gravel":3,"minecraft:stone_axe":2,"zombie_extreme:raw_aluminum":2,"alexsmobs:gazelle_horn":7,"minecraft:iron_nugget":5,"alexsmobs:animal_dictionary":1,"minecraft:wheat":9,"minecraft:rotten_flesh":20,"minecraft:oak_planks":1,"zombie_extreme:dead_body":1,"minecraft:carrot":3,"minecraft:poppy":3,"supplementaries:ash":3,"vinery:savanna_grape_seeds_white":16,"minecraft:gunpowder":3,"minecraft:mossy_stone_brick_wall":1,"zombie_extreme:golf_club":1,"minecraft:oak_wood":1,"minecraft:acacia_sapling":5,"minecraft:azalea":5,"minecraft:ladder":2,"farmersdelight:rope":8,"minecraft:spruce_slab":48,"minecraft:netherrack":12,"minecraft:lectern":1,"argentinas_delight:espinacaitem":9,"minecraft:egg":1,"farmersdelight:tomato_seeds":1,"minecraft:water_bucket":1,"minecraft:golden_boots":2,"minecraft:bread":102,"minecraft:oak_slab":3,"minecraft:wheat_seeds":11,"minecraft:golden_helmet":2,"minecraft:mossy_cobblestone":15,"minecraft:bookshelf":1,"minecraft:diamond_leggings":1,"minecraft:oak_fence":4,"minecraft:iron_helmet":6,"minecraft:feather":2,"minecraft:cobblestone":48,"minecraft:jungle_wood":2,"biomesoplenty:cattail":1,"minecraft:tropical_fish":1,"minecraft:spruce_stairs":14,"minecraft:acacia_log":3,"bossominium:the_bossdexium":1,"minecraft:stick":112,"minecraft:jungle_slab":2,"minecraft:ink_sac":2,"bakery:strawberry_seeds":1,"minecraft:wooden_hoe":1,"zombie_extreme:raw_lead":3,"minecraft:potion":2,"minecraft:iron_leggings":2,"minecraft:heart_of_the_sea":1,"minecraft:flowering_azalea":5,"minecraft:iron_axe":2,"minecraft:mossy_cobblestone_stairs":2,"minecraft:iron_shovel":2,"minecraft:chainmail_leggings":13,"minecraft:paper":4,"minecraft:string":1,"minecraft:acacia_planks":35,"vinery:savanna_grape_seeds_red":3,"minecraft:kelp":19,"minecraft:oak_trapdoor":1,"minecraft:bowl":3,"minecraft:composter":2,"alexsmobs:blobfish":2,"minecraft:iron_boots":2,"minecraft:oak_sign":3,"crittersandcompanions:silk":5,"minecraft:flint_and_steel":1,"minecraft:filled_map":1,"minecraft:shield":10,"zombie_extreme:decomposing_backpack":1,"minecraft:spruce_planks":1,"minecraft:iron_chestplate":1,"minecraft:diamond_pickaxe":2,"minecraft:mossy_stone_bricks":6,"minecraft:golden_leggings":2,"minecraft:oak_sapling":7,"minecraft:redstone_torch":3,"minecraft:stone_pressure_plate":10,"minecraft:stone_bricks":4,"minecraft:diamond_boots":2,"lightmanscurrency:coin_iron":1,"biomesoplenty:willow_planks":2,"vinery:savanna_grapes_white":2,"minecraft:stone_pickaxe":1,"minecraft:quartz_slab":5,"minecraft:terracotta":2},"minecraft:killed_by":{"minecraft:drowned":1}},"DataVersion":3465}