{"stats":{"minecraft:mined":{"biomesoplenty:spanish_moss":2,"biomesoplenty:desert_grass":1,"minecraft:mangrove_roots":1,"argentinas_delight:salmoncrudo":1,"biomesoplenty:bush":1,"minecraft:acacia_log":15,"minecraft:grass_block":5,"zombie_extreme:dead_body":1,"minecraft:spruce_leaves":1,"biomesoplenty:cattail":2,"minecraft:sandstone":10,"biomesoplenty:willow_planks":1,"minecraft:tall_seagrass":1,"minepop:randombox":1,"argentinas_delight:espinacamadura":2,"minecraft:furnace":14,"minecraft:cobbled_deepslate":2,"zombie_extreme:ore_lead":3,"zombie_extreme:decomposing_backpack":1,"minecraft:fire":1,"zombie_extreme:ore_steel":1,"zombie_extreme:oil_shale_sand":3,"minecraft:stone":49,"biomesoplenty:willow_leaves":16,"zombie_extreme:ore_aluminum":2,"minecraft:acacia_leaves":3,"biomesoplenty:wildflower":1,"minecraft:crafting_table":1,"minecraft:torch":2,"bakery:wild_strawberries":1,"minecraft:cobblestone":10,"vinery:savanna_grape_bush_white":3,"minepop:minepop_alex":2,"farmersdelight:wild_tomatoes":1,"minecraft:lily_pad":1,"biomesoplenty:willow_log":13,"minecraft:sugar_cane":2,"minecraft:iron_door":1,"supplementaries:urn":1,"minecraft:seagrass":2,"minecraft:black_stained_glass":2,"biomesoplenty:mahogany_log":5,"minecraft:spruce_log":2,"minecraft:grass":46,"minecraft:oak_log":15,"minecraft:coal_ore":26,"minecraft:gravel":4,"minecraft:sand":64,"minecraft:dirt":4,"minecraft:cobweb":3,"minecraft:oak_leaves":2,"minecraft:fern":15},"minecraft:picked_up":{"vinery:savanna_grape_seeds_white":10,"minecraft:seagrass":2,"minecraft:crafting_table":1,"minecraft:chicken":2,"bakery:strawberry_seeds":1,"vinery:savanna_grape_seeds_red":1,"zombie_extreme:decomposing_backpack":1,"alexsmobs:gazelle_horn":7,"minecraft:string":3,"minecraft:flint_and_steel":1,"vinery:savanna_grapes_red":26,"biomesoplenty:willow_planks":1,"minecraft:cobbled_deepslate":2,"zombie_extreme:oil_shale":3,"minecraft:sugar_cane":4,"minecraft:furnace":14,"minecraft:egg":3,"zombie_extreme:raw_aluminum":2,"minecraft:stick":10,"minecraft:sandstone":10,"minepop:minepop_alex":2,"minecraft:torch":2,"minecraft:bowl":1,"minecraft:acacia_log":15,"minecraft:porkchop":7,"farmersdelight:tomato_seeds":1,"minecraft:arrow":2,"minecraft:rotten_flesh":4,"biomesoplenty:cattail":1,"minecraft:beetroot_seeds":3,"zombie_extreme:rotten_apple":1,"alexsmobs:emu_egg":3,"minecraft:mangrove_roots":1,"supplementaries:ash":3,"minecraft:mutton":9,"minecraft:cobblestone":50,"minecraft:feather":11,"minecraft:iron_door":1,"minecraft:salmon":1,"minecraft:golden_leggings":2,"minecraft:flint":1,"minecraft:oak_log":22,"minecraft:lily_pad":1,"minecraft:paper":4,"minecraft:wooden_hoe":1,"vinery:savanna_grapes_white":34,"minecraft:dirt":8,"zombie_extreme:raw_steel":1,"zombie_extreme:raw_lead":3,"zombie_extreme:dead_body":1,"minecraft:bone":1,"minecraft:wheat_seeds":7,"minecraft:iron_ingot":5,"biomesoplenty:mahogany_planks":14,"lightmanscurrency:coin_iron":9,"minecraft:acacia_sapling":1,"minecraft:oak_planks":24,"minecraft:gravel":8,"minecraft:sand":55,"minepop:randombox":2,"minecraft:ink_sac":2,"argentinas_delight:espinacaitem":9,"minecraft:spruce_log":2,"biomesoplenty:mahogany_log":5,"lightmanscurrency:coin_copper":23,"alexsmobs:raw_catfish":9,"minecraft:diamond":1,"biomesoplenty:willow_log":14,"minecraft:emerald":2,"minecraft:bread":2,"minecraft:oak_sapling":11,"minecraft:coal":46},"minecraft:crafted":{"polly_pets:fried_egg":2,"biomesoplenty:willow_boat":2,"minecraft:oak_planks":64,"biomesoplenty:mahogany_planks":20,"minecraft:cooked_chicken":1,"zombie_extreme:ignotsteel":1,"minecraft:furnace":1,"minecraft:cooked_mutton":5,"minecraft:flint_and_steel":1,"minecraft:bow":1,"minecraft:iron_boots":1,"alexsmobs:cooked_catfish":5,"zombie_extreme:steel_axe":1,"minecraft:cooked_cod":5,"minecraft:cooked_porkchop":3,"minecraft:crafting_table":10,"minecraft:spruce_planks":8,"minecraft:iron_helmet":1,"minecraft:iron_sword":1,"alexsmobs:boiled_emu_egg":2,"minecraft:bucket":1,"biomesoplenty:willow_planks":32,"minecraft:stone_axe":1,"minecraft:acacia_boat":1,"minecraft:air":0,"minecraft:iron_chestplate":1,"minecraft:shield":1,"minecraft:stick":16,"minecraft:iron_ingot":28,"minecraft:iron_pickaxe":1,"biomesoplenty:mahogany_boat":2,"minecraft:iron_shovel":1,"minecraft:iron_leggings":1,"minecraft:acacia_planks":52,"minecraft:beetroot_soup":1},"minecraft:killed_by":{"minecraft:drowned":1},"minecraft:custom":{"minecraft:interact_with_smithing_table":1,"lootr:looted_stat":11,"minecraft:interact_with_anvil":1,"minecraft:mob_kills":49,"minecraft:interact_with_crafting_table":29,"minecraft:eat_cake_slice":4,"minecraft:leave_game":7,"minecraft:time_since_death":3161,"minecraft:sprint_one_cm":451832,"minecraft:walk_one_cm":282129,"minecraft:damage_blocked_by_shield":1065,"minecraft:drop":73,"minecraft:talked_to_villager":2,"minecraft:play_time":178274,"minecraft:deaths":8,"minecraft:sneak_time":4226,"minecraft:walk_under_water_one_cm":53125,"minecraft:jump":3269,"minecraft:walk_on_water_one_cm":25955,"minecraft:total_world_time":178274,"minecraft:interact_with_furnace":56,"minecraft:time_since_rest":3207,"minecraft:damage_absorbed":40,"minecraft:damage_taken":4777,"minecraft:damage_dealt":8287,"minecraft:swim_one_cm":76860,"minecraft:player_kills":2,"minecraft:fly_one_cm":779956,"minecraft:open_chest":43,"minecraft:crouch_one_cm":5913,"minecraft:fall_one_cm":104553},"minecraft:used":{"alexsmobs:emu_egg":1,"minecraft:iron_shovel":53,"minecraft:flint_and_steel":17,"minecraft:spruce_planks":8,"minecraft:shield":13,"minecraft:iron_sword":206,"minecraft:cooked_salmon":7,"minecraft:cooked_chicken":1,"minecraft:rotten_flesh":1,"minecraft:iron_chestplate":1,"minecraft:torch":2,"minecraft:dirt":4,"minecraft:mutton":3,"vinery:savanna_grapes_white":30,"minecraft:acacia_sapling":1,"biomesoplenty:willow_boat":2,"zombie_extreme:dog_food":1,"minecraft:iron_helmet":1,"vinery:savanna_grapes_red":21,"minepop:randombox":2,"minecraft:bow":11,"minecraft:furnace":14,"minecraft:cooked_cod":8,"polly_pets:fried_egg":2,"minecraft:cobbled_deepslate":2,"minecraft:acacia_planks":43,"alexsmobs:boiled_emu_egg":1,"minecraft:beetroot_soup":1,"minecraft:iron_leggings":1,"minecraft:water_bucket":1,"minecraft:cooked_mutton":5,"alexsmobs:raw_catfish":1,"alexsmobs:cooked_catfish":4,"minecraft:acacia_boat":1,"biomesoplenty:willow_log":2,"minepop:minepop_alex":1,"minecraft:glass_bottle":2,"minecraft:oak_planks":30,"biomesoplenty:willow_planks":4,"minecraft:sandstone":10,"zombie_extreme:rotten_apple":1,"minecraft:golden_apple":1,"minecraft:sand":20,"zombie_extreme:steel_axe":60,"minecraft:crafting_table":11,"minecraft:apple":1,"minecraft:bread":4,"minecraft:suspicious_stew":1,"minecraft:iron_pickaxe":129,"biomesoplenty:mahogany_boat":2,"minecraft:gravel":5,"zombie_extreme:baseball_bat":5,"minecraft:stone_axe":8,"minecraft:fishing_rod":8,"argentinas_delight:espinacaitem":5,"minecraft:cobblestone":39,"minecraft:potion":2,"minecraft:porkchop":3,"minecraft:cooked_porkchop":1,"minecraft:bucket":2},"minecraft:dropped":{"farmersdelight:tomato_seeds":1,"minecraft:wheat_seeds":7,"minecraft:feather":2,"biomesoplenty:mahogany_planks":20,"biomesoplenty:cattail":1,"biomesoplenty:willow_log":1,"minecraft:acacia_log":2,"minecraft:flint":2,"minecraft:stick":11,"minecraft:ink_sac":2,"minecraft:wooden_hoe":1,"bakery:strawberry_seeds":1,"zombie_extreme:baseball_bat":1,"minecraft:coast_armor_trim_smithing_template":1,"minecraft:cooked_cod":2,"minecraft:potion":2,"minecraft:heart_of_the_sea":1,"minecraft:paper":4,"minecraft:fishing_rod":1,"vinery:savanna_grape_seeds_red":3,"minecraft:gravel":3,"minecraft:stone_axe":1,"alexsmobs:gazelle_horn":7,"minecraft:bowl":3,"minecraft:rotten_flesh":4,"zombie_extreme:dead_body":1,"minecraft:flint_and_steel":1,"minecraft:filled_map":1,"supplementaries:ash":3,"vinery:savanna_grape_seeds_white":15,"minecraft:gunpowder":3,"zombie_extreme:decomposing_backpack":1,"minecraft:golden_leggings":2,"minecraft:oak_sapling":5,"farmersdelight:rope":8,"biomesoplenty:willow_planks":2,"vinery:savanna_grapes_white":2,"argentinas_delight:espinacaitem":9,"minecraft:egg":1},"minecraft:killed":{"alexsmobs:lobster":1,"zombie_extreme:infected_juggernaut":1,"alexsmobs:shoebill":1,"alexsmobs:seagull":3,"minecraft:skeleton":1,"zombie_extreme:clicker":1,"minecraft:chicken":2,"zombie_extreme:parasite":1,"minecraft:turtle":1,"minecraft:husk":2,"minecraft:pig":4,"zombie_extreme:boomer":1,"zombie_extreme:infected":1,"zombie_extreme:infected_hazmat":1,"polly_pets:ferret":2,"alexsmobs:seal":1,"minecraft:frog":1,"alexsmobs:emu":1,"alexsmobs:catfish":4,"minecraft:zombie":1,"alexsmobs:gazelle":13,"alexsmobs:fly":1,"zombie_extreme:fetus":1,"minecraft:villager":2}},"DataVersion":3465}