{"stats":{"minecraft:dropped":{"minecraft:bread":2,"minecraft:cooked_beef":1,"minecraft:cooked_porkchop":1,"minecraft:spruce_stairs":1,"minecraft:mushroom_stew":1,"bossominium:the_bossdexium":1,"minecraft:mutton":1,"zombie_extreme:pipe":1,"minecraft:bone_meal":1,"minecraft:cyan_carpet":1,"alexsmobs:animal_dictionary":1,"minecraft:raw_iron":1,"minecraft:rotten_flesh":2,"minecraft:white_bed":1,"argentinas_delight:cuernodetoro":1,"vinery:savanna_grape_seeds_white":6,"minecraft:peony":1,"minecraft:stone_pressure_plate":1,"minecraft:arrow":1,"minecraft:stone_pickaxe":1,"minecraft:wooden_pickaxe":1},"minecraft:custom":{"minecraft:interact_with_smithing_table":1,"lootr:looted_stat":22,"minecraft:mob_kills":23,"minecraft:interact_with_crafting_table":26,"minecraft:open_barrel":3,"minecraft:eat_cake_slice":10,"minecraft:leave_game":6,"minecraft:time_since_death":93879,"minecraft:climb_one_cm":9804,"minecraft:sprint_one_cm":146381,"minecraft:walk_one_cm":233620,"minecraft:drop":28,"minecraft:damage_dealt_absorbed":94,"minecraft:play_time":93879,"minecraft:sneak_time":10910,"minecraft:walk_under_water_one_cm":145,"minecraft:jump":1604,"minecraft:interact_with_blast_furnace":5,"minecraft:walk_on_water_one_cm":1270,"minecraft:total_world_time":93879,"minecraft:interact_with_furnace":29,"minecraft:sleep_in_bed":3,"minecraft:time_since_rest":66797,"minecraft:damage_taken":1803,"minecraft:damage_dealt":4010,"minecraft:fly_one_cm":299477,"minecraft:open_chest":12,"minecraft:crouch_one_cm":29536,"minecraft:fall_one_cm":42585},"minecraft:picked_up":{"vinery:savanna_grape_seeds_white":6,"minecraft:crafting_table":6,"minecraft:smithing_table":2,"vinery:savanna_grape_seeds_red":10,"minecraft:string":4,"minecraft:acacia_door":2,"minecraft:cyan_carpet":1,"biomesoplenty:willow_planks":2,"minecraft:beef":23,"minecraft:calcite":7,"minecraft:egg":1,"minecraft:furnace":5,"minecraft:dark_oak_door":1,"minecraft:raw_iron":21,"minecraft:stripped_mangrove_wood":2,"minecraft:spruce_stairs":2,"minecraft:carrot":2,"minecraft:stone_pressure_plate":1,"minecraft:arrow":3,"minecraft:mangrove_stairs":1,"minecraft:rotten_flesh":4,"minecraft:pumpkin_pie":3,"minecraft:peony":1,"minecraft:hay_block":24,"zombie_extreme:butcher_knife":1,"minecraft:mutton":1,"minecraft:cobblestone":196,"minecraft:cooked_beef":1,"minecraft:leather":8,"minecraft:mushroom_stew":1,"minecraft:dirt":3,"minecraft:lantern":1,"minecraft:bone":4,"minecraft:bow":1,"minecraft:stone_pickaxe":1,"zombie_extreme:barbed_fence":1,"lightmanscurrency:coin_iron":4,"minecraft:book":2,"minecraft:cooked_porkchop":1,"minecraft:stone_brick_slab":4,"bossominium:charred_steak":1,"minecraft:red_banner":1,"minecraft:blast_furnace":7,"minecraft:white_bed":2,"alexsmobs:animal_dictionary":1,"lightmanscurrency:coin_copper":32,"biomesoplenty:willow_log":8,"lightmanscurrency:coin_gold":11,"bossominium:the_bossdexium":1,"minecraft:bone_meal":1,"minecraft:golden_apple":1,"minecraft:spruce_sign":1,"minecraft:bread":4,"argentinas_delight:cuernodetoro":5,"minecraft:damaged_anvil":1,"minecraft:coal":30},"minecraft:used":{"zombie_extreme:barbed_fence":1,"minecraft:chest":1,"minecraft:dirt":3,"minecraft:spruce_stairs":1,"minecraft:carrot":3,"minecraft:stone_brick_slab":1,"minecraft:lantern":1,"minecraft:bow":5,"minecraft:beef":2,"minecraft:furnace":6,"minecraft:egg":1,"minecraft:cooked_beef":6,"minecraft:iron_leggings":1,"minecraft:calcite":7,"minecraft:damaged_anvil":1,"minecraft:stone_pickaxe":208,"biomesoplenty:willow_planks":11,"minecraft:leather_chestplate":1,"minecraft:wooden_pickaxe":12,"minecraft:spruce_sign":1,"minecraft:cookie":1,"minecraft:crafting_table":3,"minecraft:blast_furnace":4,"zombie_extreme:golf_club":40,"minecraft:white_bed":1,"minecraft:cake":1,"minecraft:book":2,"minecraft:acacia_door":5,"minecraft:bread":30,"minecraft:iron_pickaxe":52,"bossominium:charred_steak":1,"minecraft:stone_axe":42,"minecraft:cobblestone":43,"minecraft:cooked_porkchop":4,"minecraft:smithing_table":2,"minecraft:red_banner":1,"minecraft:pumpkin_pie":2,"alexsmobs:animal_dictionary":1},"minecraft:broken":{"minecraft:stone_pickaxe":1},"minecraft:killed":{"polly_pets:bull_terrier":1,"zombie_extreme:night_hunter":1,"zombie_extreme:divided":1,"minecraft:skeleton":4,"zombie_extreme:boomer":1,"zombie_extreme:devestated":1,"minecraft:zombie":1,"alexsmobs:gazelle":1,"minecraft:cow":12},"minecraft:mined":{"minecraft:grass_block":3,"biomesoplenty:willow_planks":2,"minecraft:hay_block":15,"minecraft:furnace":5,"minecraft:iron_ore":17,"minecraft:stone":174,"minecraft:stripped_mangrove_wood":3,"minecraft:smithing_table":2,"supplementaries:book_pile_horizontal":2,"minecraft:mangrove_stairs":1,"minecraft:glass_pane":2,"biomesoplenty:wildflower":1,"minecraft:stone_brick_slab":4,"minecraft:crafting_table":6,"minecraft:blast_furnace":7,"minecraft:calcite":13,"minecraft:cobblestone":17,"farmersdelight:wild_tomatoes":2,"biomesoplenty:willow_log":8,"minecraft:damaged_anvil":1,"minecraft:spruce_stairs":1,"minecraft:black_stained_glass":2,"minecraft:dark_oak_door":1,"minecraft:red_wall_banner":1,"minecraft:grass":33,"minecraft:coal_ore":30,"minecraft:cyan_carpet":1,"minecraft:acacia_door":2,"minecraft:cobweb":4,"minecraft:oak_leaves":1,"minecraft:fern":1},"minecraft:crafted":{"minecraft:oak_planks":16,"minecraft:furnace":2,"minecraft:iron_boots":1,"minecraft:stone_pickaxe":3,"minecraft:chest":2,"minecraft:wheat":135,"minecraft:cooked_beef":15,"sophisticatedbackpacks:backpack":1,"minecraft:crafting_table":1,"minecraft:wooden_pickaxe":1,"minecraft:mangrove_planks":8,"biomesoplenty:willow_planks":32,"minecraft:stone_axe":1,"minecraft:bread":47,"minecraft:air":0,"minecraft:iron_chestplate":1,"minecraft:stick":28,"minecraft:iron_ingot":20,"minecraft:iron_pickaxe":1,"minecraft:acacia_door":3}},"DataVersion":3465}