{"stats":{"minecraft:used":{"zombie_extreme:barbed_fence":1,"minecraft:chest":1,"minecraft:dirt":3,"minecraft:spruce_stairs":1,"minecraft:nether_bricks":2,"minecraft:carrot":3,"minecraft:stone_brick_slab":1,"minecraft:lantern":1,"supplementaries:bomb_blue":1,"minecraft:beef":2,"minecraft:bow":5,"minecraft:furnace":6,"minecraft:egg":1,"minecraft:cooked_beef":11,"minecraft:iron_leggings":1,"minecraft:calcite":7,"minecraft:damaged_anvil":1,"minecraft:red_nether_bricks":1,"minecraft:stone_pickaxe":220,"biomesoplenty:willow_planks":11,"minecraft:wooden_pickaxe":12,"minecraft:leather_chestplate":1,"minecraft:chainmail_helmet":1,"minecraft:spruce_sign":1,"minecraft:cookie":1,"minecraft:crafting_table":3,"minecraft:blast_furnace":4,"zombie_extreme:golf_club":100,"minecraft:white_bed":1,"minecraft:cake":1,"minecraft:book":2,"minecraft:acacia_door":5,"minecraft:bread":46,"minecraft:melon_slice":5,"minecraft:iron_pickaxe":55,"minecraft:stone_axe":85,"bossominium:charred_steak":1,"minecraft:cobblestone":101,"minecraft:smithing_table":2,"minecraft:cooked_porkchop":11,"minecraft:red_banner":1,"minecraft:pumpkin_pie":2,"alexsmobs:animal_dictionary":1},"minecraft:custom":{"minecraft:interact_with_smithing_table":1,"lootr:looted_stat":50,"minecraft:mob_kills":36,"minecraft:interact_with_crafting_table":26,"minecraft:open_barrel":3,"minecraft:eat_cake_slice":10,"minecraft:leave_game":6,"minecraft:time_since_death":127491,"minecraft:climb_one_cm":10336,"minecraft:sprint_one_cm":230902,"minecraft:walk_one_cm":357100,"minecraft:drop":43,"minecraft:damage_dealt_absorbed":94,"minecraft:play_time":127491,"minecraft:sneak_time":14255,"minecraft:walk_under_water_one_cm":145,"minecraft:jump":2256,"minecraft:interact_with_blast_furnace":5,"minecraft:walk_on_water_one_cm":1270,"minecraft:total_world_time":127491,"minecraft:interact_with_furnace":29,"minecraft:sleep_in_bed":3,"minecraft:time_since_rest":100409,"minecraft:damage_taken":3578,"minecraft:damage_dealt":8683,"minecraft:fly_one_cm":423243,"minecraft:open_chest":15,"minecraft:crouch_one_cm":42922,"minecraft:fall_one_cm":55524},"minecraft:killed":{"polly_pets:bull_terrier":1,"zombie_extreme:night_hunter":1,"zombie_extreme:divided":1,"minecraft:skeleton":4,"zombie_extreme:goon":2,"zombie_extreme:parasite":1,"zombie_extreme:runner":1,"zombie_extreme:boomer":2,"zombie_extreme:infected_hazmat":1,"zombie_extreme:devestated":1,"minecraft:zombie":1,"alexsmobs:gazelle":1,"zombie_extreme:infected_police":1,"minecraft:wither_skeleton":4,"zombie_extreme:fetus":1,"minecraft:cow":12},"minecraft:broken":{"minecraft:stone_pickaxe":1,"minecraft:stone_axe":1},"minecraft:mined":{"minecraft:nether_brick_wall":1,"minecraft:red_nether_bricks":2,"minecraft:nether_bricks":4,"minecraft:acacia_log":1,"minecraft:grass_block":3,"biomesoplenty:willow_planks":2,"minecraft:hay_block":15,"minecraft:furnace":5,"minecraft:red_nether_brick_stairs":1,"minecraft:iron_ore":19,"minecraft:fire":6,"minecraft:nether_brick_stairs":1,"minecraft:warped_button":1,"minecraft:stone":175,"minecraft:stripped_mangrove_wood":3,"minecraft:smithing_table":2,"supplementaries:book_pile_horizontal":2,"minecraft:mangrove_stairs":1,"minecraft:glass_pane":2,"biomesoplenty:wildflower":1,"minecraft:stone_brick_slab":4,"minecraft:crafting_table":6,"minecraft:blast_furnace":7,"minecraft:calcite":13,"minecraft:nether_brick_slab":1,"minecraft:tall_grass":2,"minecraft:cobblestone":17,"biomesoplenty:sprout":1,"farmersdelight:wild_tomatoes":2,"biomesoplenty:willow_log":8,"minecraft:damaged_anvil":1,"minecraft:spruce_stairs":1,"minecraft:black_stained_glass":2,"minecraft:dark_oak_door":1,"minecraft:tnt":1,"minecraft:red_wall_banner":1,"minecraft:grass":59,"minecraft:coal_ore":30,"minecraft:cyan_carpet":1,"minecraft:acacia_door":2,"minecraft:cobweb":4,"minecraft:oak_leaves":1,"minecraft:fern":1},"minecraft:picked_up":{"vinery:savanna_grape_seeds_white":6,"minecraft:crafting_table":6,"zombie_extreme:hazmat_suit_boots":1,"minecraft:smithing_table":2,"vinery:savanna_grape_seeds_red":10,"minecraft:string":4,"minecraft:acacia_door":2,"minecraft:red_nether_bricks":1,"tacz:ammo":60,"minecraft:cyan_carpet":1,"biomesoplenty:willow_planks":2,"minecraft:beef":23,"minecraft:calcite":7,"minecraft:melon_slice":21,"minecraft:furnace":5,"minecraft:egg":1,"minecraft:dark_oak_door":1,"minecraft:raw_iron":22,"minecraft:stripped_mangrove_wood":2,"minecraft:spruce_stairs":2,"minecraft:warped_button":1,"minecraft:carrot":2,"minecraft:stone_pressure_plate":1,"lightmanscurrency:coin_emerald":2,"minecraft:arrow":3,"minecraft:mangrove_stairs":1,"minecraft:rotten_flesh":4,"minecraft:pumpkin_pie":3,"minecraft:peony":1,"minecraft:nether_bricks":4,"minecraft:hay_block":24,"zombie_extreme:butcher_knife":1,"minecraft:mutton":1,"minecraft:cobblestone":197,"minecraft:cooked_beef":1,"minecraft:leather":8,"minecraft:mushroom_stew":1,"minecraft:dirt":3,"minecraft:lantern":1,"minecraft:bone":10,"minecraft:red_nether_brick_stairs":1,"minecraft:bow":1,"minecraft:stone_pickaxe":3,"zombie_extreme:barbed_fence":1,"lightmanscurrency:coin_iron":11,"minecraft:iron_sword":1,"minecraft:book":2,"minecraft:cooked_porkchop":13,"minecraft:stone_brick_slab":4,"bossominium:charred_steak":1,"minecraft:red_banner":1,"minecraft:blast_furnace":7,"minecraft:white_bed":2,"minecraft:nether_brick_slab":1,"alexsmobs:animal_dictionary":1,"lightmanscurrency:coin_copper":45,"biomesoplenty:willow_log":8,"tacz:modern_kinetic_gun":1,"minecraft:stone_axe":1,"bossominium:the_bossdexium":1,"lightmanscurrency:coin_gold":14,"minecraft:bone_meal":1,"minecraft:golden_apple":1,"minecraft:spruce_sign":1,"minecraft:bread":4,"argentinas_delight:cuernodetoro":5,"minecraft:damaged_anvil":1,"minecraft:coal":30,"minecraft:diamond_pickaxe":1},"minecraft:crafted":{"minecraft:oak_planks":16,"minecraft:furnace":2,"minecraft:iron_boots":1,"minecraft:stone_pickaxe":3,"minecraft:chest":2,"minecraft:wheat":135,"minecraft:cooked_beef":15,"sophisticatedbackpacks:backpack":1,"minecraft:crafting_table":1,"minecraft:wooden_pickaxe":1,"minecraft:mangrove_planks":8,"biomesoplenty:willow_planks":32,"minecraft:stone_axe":1,"minecraft:bread":47,"minecraft:air":0,"minecraft:iron_chestplate":1,"minecraft:stick":28,"minecraft:iron_ingot":20,"minecraft:iron_pickaxe":1,"minecraft:acacia_door":3},"minecraft:dropped":{"minecraft:bread":10,"minecraft:cooked_beef":1,"minecraft:cooked_porkchop":1,"minecraft:cobblestone":6,"minecraft:spruce_stairs":1,"bossominium:the_bossdexium":1,"minecraft:mushroom_stew":1,"minecraft:mutton":1,"zombie_extreme:pipe":1,"minecraft:bone_meal":1,"minecraft:cyan_carpet":1,"minecraft:nether_brick_slab":1,"minecraft:stone_axe":1,"alexsmobs:animal_dictionary":1,"minecraft:raw_iron":1,"minecraft:rotten_flesh":2,"minecraft:white_bed":1,"minecraft:red_nether_brick_stairs":1,"argentinas_delight:cuernodetoro":1,"vinery:savanna_grape_seeds_white":6,"minecraft:peony":1,"minecraft:stone_pressure_plate":1,"minecraft:arrow":1,"minecraft:stone_pickaxe":4,"minecraft:wooden_pickaxe":1}},"DataVersion":3465}