{"stats":{"minecraft:dropped":{"biomesoplenty:waterlily":1,"zombie_extreme:decomposing_backpack":2,"biomesoplenty:willow_sapling":3,"minecraft:rotten_flesh":1,"zombie_extreme:oil_shale":1,"minecraft:wooden_pickaxe":1,"minecraft:acacia_planks":1},"minecraft:crafted":{"minecraft:crafting_table":2,"minecraft:stick":8,"minecraft:wooden_pickaxe":1,"minecraft:stone_pickaxe":1,"minecraft:acacia_planks":44,"minecraft:stone_axe":1,"minecraft:acacia_boat":1},"minecraft:custom":{"minecraft:time_since_rest":5516,"lootr:looted_stat":4,"minecraft:sprint_one_cm":74649,"minecraft:damage_taken":308,"minecraft:walk_one_cm":44020,"minecraft:mob_kills":16,"minecraft:drop":10,"minecraft:damage_dealt":1500,"minecraft:open_barrel":2,"minecraft:swim_one_cm":5923,"minecraft:talked_to_villager":3,"minecraft:interact_with_crafting_table":4,"minecraft:fly_one_cm":57403,"minecraft:crouch_one_cm":1687,"minecraft:play_time":21015,"minecraft:deaths":1,"minecraft:sneak_time":461,"minecraft:walk_under_water_one_cm":6610,"minecraft:jump":314,"minecraft:walk_on_water_one_cm":7521,"minecraft:time_since_death":5485,"minecraft:climb_one_cm":760,"minecraft:total_world_time":21015,"minecraft:fall_one_cm":8846,"minecraft:horse_one_cm":571},"minecraft:killed":{"alexsmobs:catfish":1,"minecraft:husk":1,"minecraft:silverfish":8,"zombie_extreme:infected_police":1,"alexsmobs:rain_frog":2,"alexsmobs:triops":3},"minecraft:picked_up":{"minecraft:stick":12,"minecraft:crafting_table":1,"biomesoplenty:waterlily":1,"minecraft:acacia_log":51,"zombie_extreme:decomposing_backpack":3,"minecraft:dirt":1,"lightmanscurrency:coin_copper":10,"vinery:savanna_grapes_white":4,"minecraft:iron_leggings":1,"minecraft:rotten_flesh":3,"vinery:savanna_grapes_red":10,"minecraft:acacia_planks":3,"biomesoplenty:willow_sapling":3,"minecraft:chainmail_leggings":1,"minecraft:diamond_boots":1,"minecraft:iron_helmet":1,"zombie_extreme:oil_shale":2,"minecraft:iron_sword":1,"minecraft:acacia_sapling":4,"minecraft:coal":3,"minecraft:iron_boots":1,"minecraft:cobblestone":6},"minecraft:used":{"minecraft:acacia_boat":1,"minecraft:diamond_boots":1,"zombie_extreme:decomposing_backpack":1,"minecraft:stone_pickaxe":5,"minecraft:iron_helmet":1,"minecraft:wooden_pickaxe":6,"minecraft:iron_sword":15,"vinery:savanna_grapes_red":4,"minecraft:stone_axe":35,"minecraft:crafting_table":2,"vinery:savanna_grapes_white":4,"minecraft:acacia_sapling":2,"minecraft:acacia_planks":3},"minecraft:mined":{"minecraft:acacia_leaves":9,"biomesoplenty:spanish_moss_plant":1,"zombie_extreme:decomposing_backpack":2,"minecraft:crafting_table":1,"biomesoplenty:waterlily":1,"minecraft:acacia_log":26,"minecraft:grass":2,"minecraft:coal_ore":3,"minecraft:infested_cobblestone":1,"zombie_extreme:oil_shale_sand":1,"minecraft:dirt":1,"minecraft:acacia_planks":3,"minecraft:stone":6,"biomesoplenty:willow_leaves":19}},"DataVersion":3465}