{"stats":{"minecraft:dropped":{"biomesoplenty:waterlily":1,"minecraft:wheat_seeds":1,"biomesoplenty:willow_sapling":4,"minecraft:rotten_flesh":1,"zombie_extreme:decomposing_backpack":2,"zombie_extreme:oil_shale":1,"minecraft:wooden_pickaxe":1,"minecraft:acacia_planks":1},"minecraft:crafted":{"minecraft:crafting_table":2,"minecraft:wooden_pickaxe":1,"minecraft:stone_axe":1,"minecraft:acacia_boat":1,"minecraft:stick":8,"minecraft:stone_pickaxe":1,"minecraft:acacia_planks":44},"minecraft:custom":{"lootr:looted_stat":4,"minecraft:mob_kills":16,"minecraft:interact_with_crafting_table":4,"minecraft:open_barrel":2,"minecraft:leave_game":2,"minecraft:time_since_death":3450,"minecraft:climb_one_cm":760,"minecraft:time_since_rest":3473,"minecraft:sprint_one_cm":86406,"minecraft:damage_taken":519,"minecraft:walk_one_cm":50132,"minecraft:drop":12,"minecraft:damage_dealt":1500,"minecraft:swim_one_cm":5923,"minecraft:talked_to_villager":3,"minecraft:fly_one_cm":65957,"minecraft:crouch_one_cm":1687,"minecraft:play_time":28498,"minecraft:deaths":2,"minecraft:sneak_time":461,"minecraft:walk_under_water_one_cm":6610,"minecraft:jump":369,"minecraft:walk_on_water_one_cm":7521,"minecraft:total_world_time":28498,"minecraft:fall_one_cm":10082,"minecraft:horse_one_cm":571},"minecraft:killed":{"minecraft:husk":1,"alexsmobs:catfish":1,"minecraft:silverfish":8,"zombie_extreme:infected_police":1,"alexsmobs:rain_frog":2,"alexsmobs:triops":3},"minecraft:used":{"minecraft:acacia_boat":1,"minecraft:diamond_boots":1,"zombie_extreme:decomposing_backpack":1,"minecraft:stone_pickaxe":5,"minecraft:wooden_pickaxe":6,"minecraft:iron_sword":15,"minecraft:crafting_table":2,"vinery:savanna_grapes_white":4,"minecraft:acacia_sapling":2,"minecraft:iron_helmet":1,"vinery:savanna_grapes_red":4,"minecraft:stone_axe":35,"minecraft:acacia_planks":3},"minecraft:picked_up":{"minecraft:crafting_table":1,"zombie_extreme:decomposing_backpack":3,"vinery:savanna_grapes_white":4,"minecraft:dirt":1,"minecraft:iron_leggings":1,"vinery:savanna_grapes_red":10,"minecraft:acacia_planks":3,"minecraft:wheat_seeds":1,"zombie_extreme:oil_shale":2,"minecraft:acacia_sapling":4,"minecraft:iron_sword":1,"minecraft:iron_boots":1,"minecraft:stick":12,"biomesoplenty:waterlily":1,"minecraft:acacia_log":51,"lightmanscurrency:coin_copper":10,"minecraft:rotten_flesh":3,"biomesoplenty:willow_sapling":4,"minecraft:chainmail_leggings":1,"minecraft:diamond_boots":1,"minecraft:iron_helmet":1,"minecraft:coal":3,"minecraft:cobblestone":6},"minecraft:mined":{"minecraft:acacia_leaves":9,"minecraft:crafting_table":1,"minecraft:acacia_log":26,"minecraft:infested_cobblestone":1,"biomesoplenty:spanish_moss_plant":1,"zombie_extreme:decomposing_backpack":2,"biomesoplenty:waterlily":1,"minecraft:grass":2,"minecraft:coal_ore":3,"zombie_extreme:oil_shale_sand":1,"minecraft:dirt":1,"minecraft:acacia_planks":3,"minecraft:stone":6,"minecraft:fern":1,"biomesoplenty:willow_leaves":29}},"DataVersion":3465}