{"stats":{"minecraft:dropped":{"biomesoplenty:willow_sapling":3,"zombie_extreme:oil_shale":1,"minecraft:wooden_pickaxe":1},"minecraft:crafted":{"minecraft:crafting_table":1,"minecraft:stick":4,"minecraft:wooden_pickaxe":1,"minecraft:stone_pickaxe":1,"minecraft:acacia_planks":32,"minecraft:stone_axe":1},"minecraft:custom":{"minecraft:time_since_rest":9015,"lootr:looted_stat":1,"minecraft:sprint_one_cm":25517,"minecraft:damage_taken":50,"minecraft:walk_one_cm":23904,"minecraft:mob_kills":2,"minecraft:drop":5,"minecraft:damage_dealt":120,"minecraft:talked_to_villager":3,"minecraft:interact_with_crafting_table":3,"minecraft:fly_one_cm":22897,"minecraft:crouch_one_cm":1072,"minecraft:play_time":9015,"minecraft:sneak_time":205,"minecraft:jump":131,"minecraft:walk_on_water_one_cm":354,"minecraft:time_since_death":9015,"minecraft:climb_one_cm":625,"minecraft:total_world_time":9015,"minecraft:fall_one_cm":3082},"minecraft:killed":{"alexsmobs:rain_frog":2},"minecraft:used":{"minecraft:diamond_boots":1,"minecraft:stone_pickaxe":3,"minecraft:iron_helmet":1,"minecraft:wooden_pickaxe":6,"minecraft:stone_axe":2,"minecraft:crafting_table":1},"minecraft:picked_up":{"minecraft:stick":9,"minecraft:crafting_table":1,"minecraft:acacia_log":8,"vinery:savanna_grapes_white":1,"biomesoplenty:willow_sapling":3,"minecraft:diamond_boots":1,"minecraft:iron_helmet":1,"zombie_extreme:oil_shale":2,"minecraft:coal":3,"minecraft:cobblestone":6},"minecraft:mined":{"minecraft:acacia_leaves":5,"biomesoplenty:spanish_moss_plant":1,"minecraft:crafting_table":1,"minecraft:acacia_log":8,"minecraft:grass":1,"minecraft:coal_ore":3,"zombie_extreme:oil_shale_sand":1,"minecraft:stone":6,"biomesoplenty:willow_leaves":19}},"DataVersion":3465}