{"stats":{"minecraft:custom":{"minecraft:jump":555,"minecraft:damage_dealt":20,"minecraft:time_since_rest":1383,"minecraft:deaths":3,"minecraft:crouch_one_cm":20,"minecraft:sprint_one_cm":50275,"minecraft:play_time":13867,"minecraft:damage_taken":740,"minecraft:time_since_death":1351,"minecraft:walk_one_cm":11362,"minecraft:sneak_time":26,"minecraft:total_world_time":13867,"minecraft:fall_one_cm":15351,"minecraft:fly_one_cm":149109},"minecraft:picked_up":{"biomesoplenty:willow_log":4,"minecraft:dirt":2},"minecraft:mined":{"minecraft:grass":2,"minecraft:grass_block":1,"biomesoplenty:willow_log":4},"minecraft:crafted":{"minecraft:crafting_table":1,"biomesoplenty:willow_planks":16,"minecraft:stick":4},"minecraft:killed_by":{"minecraft:skeleton":1}},"DataVersion":3465}