{"stats":{"minecraft:used":{"minecraft:oak_fence":46,"minecraft:stone_sword":61,"minecraft:iron_shovel":284,"minecraft:spruce_planks":16,"minecraft:chest":1,"minecraft:shield":38,"minecraft:white_terracotta":6,"minecraft:iron_sword":225,"minecraft:cooked_chicken":1,"zombie_extreme:wooden_barricades":1,"minecraft:oak_door":7,"minecraft:torch":28,"minecraft:dirt":269,"minecraft:cobblestone_wall":33,"minecraft:carrot":17,"minecraft:nether_brick_stairs":1,"biomesoplenty:willow_boat":2,"minecraft:glass":20,"farmersdelight:tomato":1,"minecraft:iron_axe":125,"minecraft:stone_bricks":3,"minecraft:furnace":3,"minecraft:acacia_planks":3,"minecraft:calcite":6,"minecraft:golden_boots":1,"zombie_extreme:fireaxe":7,"minecraft:acacia_boat":1,"minecraft:diorite":2,"minecraft:spruce_door":2,"minecraft:mangrove_planks":1,"biomesoplenty:willow_planks":3,"minecraft:stone_pickaxe":62,"minecraft:oak_planks":188,"minecraft:wooden_pickaxe":17,"minecraft:leather_chestplate":1,"minecraft:chainmail_helmet":1,"zombie_extreme:rotten_apple":2,"minecraft:cobblestone_slab":8,"minecraft:cookie":2,"minecraft:golden_apple":2,"minecraft:sand":4,"minecraft:crafting_table":8,"minecraft:white_bed":5,"minecraft:shears":243,"minecraft:apple":20,"minecraft:bread":21,"minecraft:cyan_bed":5,"minecraft:iron_pickaxe":166,"minecraft:spruce_trapdoor":9,"zombie_extreme:syringe_drug":1,"minecraft:golden_leggings":1,"minecraft:stone_axe":107,"minecraft:fishing_rod":1,"minecraft:cobblestone":91,"minecraft:cooked_porkchop":2},"minecraft:custom":{"lootr:looted_stat":59,"minecraft:mob_kills":62,"minecraft:interact_with_crafting_table":44,"minecraft:open_barrel":9,"minecraft:leave_game":3,"minecraft:time_since_death":14454,"minecraft:climb_one_cm":31522,"minecraft:sprint_one_cm":378348,"minecraft:walk_one_cm":371176,"minecraft:damage_blocked_by_shield":1845,"minecraft:drop":58,"minecraft:talked_to_villager":1,"minecraft:play_time":275958,"minecraft:deaths":10,"minecraft:sneak_time":12473,"minecraft:walk_under_water_one_cm":31078,"minecraft:boat_one_cm":160,"minecraft:jump":4331,"minecraft:interact_with_blast_furnace":1,"minecraft:walk_on_water_one_cm":66328,"minecraft:total_world_time":275958,"minecraft:interact_with_furnace":11,"minecraft:sleep_in_bed":10,"minecraft:time_since_rest":9160,"minecraft:damage_taken":5050,"minecraft:damage_dealt":15367,"minecraft:swim_one_cm":161562,"minecraft:fly_one_cm":750540,"minecraft:open_chest":5,"minecraft:crouch_one_cm":60573,"minecraft:fall_one_cm":108001,"minecraft:horse_one_cm":6},"minecraft:killed":{"minecraft:spider":1,"minecraft:vindicator":8,"zombie_extreme:demolisher":1,"minecraft:skeleton":4,"zombie_extreme:goon":1,"minecraft:chicken":1,"zombie_extreme:parasite":1,"zombie_extreme:runner":2,"alexsmobs:kangaroo":1,"minecraft:husk":17,"zombie_extreme:boomer":1,"zombie_extreme:infected":2,"zombie_extreme:infected_hazmat":1,"alexsmobs:seal":1,"minecraft:creeper":2,"minecraft:pillager":6,"minecraft:zombie":9},"minecraft:broken":{"minecraft:iron_shovel":1,"minecraft:shears":1,"minecraft:iron_sword":1,"minecraft:stone_axe":1},"minecraft:mined":{"minecraft:spruce_planks":15,"minecraft:white_bed":3,"minecraft:stripped_mangrove_log":1,"minecraft:oak_door":1,"minecraft:spruce_trapdoor":9,"minecraft:cave_vines_plant":2,"minecraft:ladder":1,"minecraft:stripped_crimson_hyphae":4,"minecraft:acacia_log":5,"minecraft:grass_block":209,"zombie_extreme:dead_body":1,"minecraft:spawner":3,"minecraft:oxidized_cut_copper":1,"minecraft:furnace":1,"minecraft:fire":1,"minecraft:nether_brick_stairs":1,"minecraft:peony":1,"minecraft:dark_oak_stairs":1,"minecraft:bookshelf":4,"minecraft:cave_vines":3,"minecraft:cobblestone_slab":1,"minecraft:white_banner":1,"minecraft:stone":149,"minecraft:stripped_mangrove_wood":3,"minecraft:spruce_slab":1,"minecraft:oak_slab":2,"minecraft:acacia_leaves":61,"minecraft:crafting_table":4,"minecraft:torch":2,"minecraft:emerald_ore":4,"minecraft:calcite":9,"minecraft:oxidized_copper":1,"minecraft:chest":1,"minecraft:dead_bush":4,"minecraft:nether_brick_slab":5,"minecraft:tall_grass":31,"minecraft:cobblestone":19,"minecraft:cyan_bed":5,"farmersdelight:wild_tomatoes":5,"biomesoplenty:willow_log":4,"minecraft:oak_planks":43,"minecraft:diorite":3,"minecraft:iron_door":1,"minecraft:prismarine_bricks":1,"minecraft:spruce_stairs":1,"minecraft:white_terracotta":6,"minecraft:black_stained_glass":2,"zombie_extreme:metal_fence":2,"minecraft:cobblestone_wall":3,"minecraft:waxed_copper_block":2,"minecraft:weathered_cut_copper":1,"minecraft:prismarine_brick_stairs":1,"minecraft:grass":47,"minecraft:oak_log":54,"minecraft:gravel":1,"minecraft:sand":67,"minecraft:dirt":20,"minecraft:cobweb":26,"minecraft:acacia_planks":1,"minecraft:stone_bricks":7,"minecraft:small_dripleaf":1,"minecraft:gold_ore":4,"minecraft:oak_leaves":185,"minecraft:fern":4,"minecraft:emerald_block":1,"minecraft:dark_oak_planks":1},"minecraft:picked_up":{"zombie_extreme:wooden_barricades":1,"minecraft:crafting_table":3,"minecraft:wheat":5,"minecraft:chicken":2,"minecraft:ladder":1,"minecraft:crimson_planks":9,"minecraft:stripped_mangrove_log":1,"minecraft:raw_copper":1,"minecraft:string":27,"minecraft:moss_carpet":2,"minecraft:spruce_planks":14,"minecraft:calcite":12,"minecraft:chest":1,"minecraft:spruce_trapdoor":8,"minecraft:furnace":1,"minecraft:stripped_crimson_hyphae":4,"minecraft:stick":11,"minecraft:stripped_mangrove_wood":3,"minecraft:oak_door":4,"minecraft:torch":7,"minecraft:acacia_log":6,"farmersdelight:tomato_seeds":12,"minecraft:diorite":3,"minecraft:carrot":2,"minecraft:dark_oak_planks":1,"minecraft:arrow":15,"minecraft:rotten_flesh":22,"minecraft:cooked_cod":2,"zombie_extreme:rotten_apple":1,"sophisticatedbackpacks:copper_backpack":1,"minecraft:white_terracotta":6,"minecraft:cobblestone":173,"zombie_extreme:fireaxe":1,"minecraft:iron_door":1,"minecraft:acacia_leaves":16,"minecraft:leather":1,"minecraft:oak_log":52,"minecraft:waxed_copper_block":4,"minecraft:prismarine_bricks":1,"minecraft:cobblestone_wall":3,"minecraft:gunpowder":2,"minecraft:acacia_boat":1,"farmersdelight:tomato":1,"minecraft:dirt":302,"minecraft:white_banner":1,"minecraft:weathered_cut_copper":1,"minecraft:bone":7,"minecraft:acacia_planks":10,"minecraft:apple":12,"minecraft:stone_bricks":3,"minecraft:wheat_seeds":32,"minecraft:raw_gold":4,"minecraft:stone_pickaxe":1,"minecraft:iron_ingot":1,"minecraft:moss_block":1,"minecraft:mangrove_planks":7,"lightmanscurrency:coin_iron":115,"minecraft:iron_sword":1,"minecraft:oak_planks":81,"minecraft:book":25,"minecraft:oak_slab":2,"zombie_extreme:syringe_drug":1,"minecraft:emerald_block":1,"minecraft:sand":62,"minecraft:dead_bush":1,"biomesoplenty:willow_boat":2,"minecraft:nether_brick_stairs":1,"argentinas_delight:espinacaitem":21,"minecraft:white_bed":3,"minecraft:nether_brick_slab":3,"minecraft:cyan_bed":5,"lightmanscurrency:coin_copper":298,"biomesoplenty:willow_log":4,"lightmanscurrency:coin_gold":44,"minecraft:grass":19,"minecraft:emerald":10,"minecraft:bread":2,"minecraft:oak_sapling":13,"minecraft:oak_leaves":213},"minecraft:crafted":{"minecraft:oak_door":3,"minecraft:oak_planks":256,"minecraft:cobblestone_slab":12,"minecraft:cooked_chicken":1,"minecraft:furnace":2,"minecraft:glass":42,"minecraft:iron_axe":1,"minecraft:stone_pickaxe":2,"minecraft:cobblestone_wall":84,"minecraft:chest":1,"minecraft:oak_fence":72,"minecraft:crimson_planks":16,"minecraft:emerald":9,"minecraft:cooked_porkchop":3,"minecraft:crafting_table":6,"minecraft:spruce_planks":40,"minecraft:wooden_pickaxe":1,"minecraft:iron_sword":1,"minecraft:spruce_door":3,"minecraft:mangrove_planks":16,"biomesoplenty:willow_planks":16,"minecraft:stone_axe":1,"minecraft:bread":10,"minecraft:acacia_boat":2,"minecraft:air":0,"minecraft:spruce_trapdoor":8,"minecraft:white_wool":6,"minecraft:golden_apple":2,"minecraft:shield":3,"minecraft:stick":72,"minecraft:iron_pickaxe":1,"minecraft:iron_shovel":2,"minecraft:stone_sword":2,"minecraft:white_bed":2,"minecraft:acacia_planks":20,"minecraft:torch":24,"minecraft:shears":2},"minecraft:dropped":{"farmersdelight:tomato_seeds":12,"minecraft:crimson_planks":12,"minecraft:bread":5,"minecraft:acacia_boat":2,"minecraft:iron_sword":1,"minecraft:oak_slab":2,"minecraft:wheat_seeds":30,"minecraft:cooked_porkchop":1,"minecraft:apple":1,"zombie_extreme:cloth":1,"minecraft:mangrove_planks":7,"minecraft:spruce_door":1,"minecraft:emerald":52,"minecraft:stick":1,"minecraft:flint":1,"minecraft:dirt":24,"minecraft:torch":1,"zombie_extreme:baseball_bat":1,"minecraft:cooked_cod":2,"minecraft:nether_brick_slab":3,"minecraft:stone_sword":1,"minecraft:beetroot":8,"minecraft:rotten_flesh":19,"minecraft:oak_planks":1,"lightmanscurrency:coin_gold":10,"minecraft:shield":1,"minecraft:golden_leggings":1,"minecraft:ladder":1,"minecraft:weathered_cut_copper":1,"minecraft:stone_pickaxe":3,"minecraft:calcite":5,"minecraft:oak_leaves":1,"argentinas_delight:espinacaitem":21},"minecraft:killed_by":{"minecraft:skeleton":1}},"DataVersion":3465}