{"stats":{"minecraft:used":{"minecraft:stone_sword":32,"minecraft:stone_pickaxe":47,"biomesoplenty:willow_planks":3,"minecraft:oak_planks":48,"minecraft:wooden_pickaxe":17,"minecraft:cobblestone_slab":8,"zombie_extreme:rotten_apple":2,"minecraft:cooked_chicken":1,"zombie_extreme:wooden_barricades":1,"minecraft:crafting_table":2,"farmersdelight:tomato":1,"minecraft:bread":7,"minecraft:stone_bricks":3,"minecraft:stone_axe":51,"minecraft:cobblestone":47,"minecraft:furnace":2,"minecraft:cooked_porkchop":2},"minecraft:custom":{"minecraft:interact_with_furnace":5,"lootr:looted_stat":7,"minecraft:mob_kills":8,"minecraft:interact_with_crafting_table":11,"minecraft:time_since_death":31351,"minecraft:climb_one_cm":10826,"minecraft:time_since_rest":31383,"minecraft:sprint_one_cm":58441,"minecraft:damage_taken":1524,"minecraft:walk_one_cm":78420,"minecraft:drop":6,"minecraft:damage_dealt":2819,"minecraft:fly_one_cm":159592,"minecraft:crouch_one_cm":11720,"minecraft:play_time":43867,"minecraft:deaths":3,"minecraft:sneak_time":2901,"minecraft:jump":1102,"minecraft:walk_on_water_one_cm":11693,"minecraft:total_world_time":43867,"minecraft:fall_one_cm":24295},"minecraft:killed":{"minecraft:husk":2,"zombie_extreme:infected_hazmat":1,"alexsmobs:seal":1,"zombie_extreme:demolisher":1,"minecraft:skeleton":1,"zombie_extreme:goon":1,"minecraft:chicken":1},"minecraft:mined":{"minecraft:torch":1,"minecraft:ladder":1,"minecraft:grass_block":1,"minecraft:dead_bush":3,"minecraft:cobblestone":9,"farmersdelight:wild_tomatoes":5,"biomesoplenty:willow_log":4,"minecraft:diorite":1,"minecraft:iron_door":1,"minecraft:spawner":1,"minecraft:black_stained_glass":2,"zombie_extreme:metal_fence":2,"minecraft:peony":1,"minecraft:grass":6,"minecraft:bookshelf":4,"minecraft:cobblestone_slab":1,"minecraft:sand":4,"minecraft:dirt":7,"minecraft:white_banner":1,"minecraft:stone":37,"minecraft:stone_bricks":3,"minecraft:oak_leaves":1},"minecraft:picked_up":{"zombie_extreme:wooden_barricades":1,"minecraft:chicken":2,"minecraft:iron_door":1,"minecraft:dirt":11,"farmersdelight:tomato":1,"minecraft:string":1,"minecraft:white_banner":1,"minecraft:bone":2,"minecraft:stone_bricks":3,"minecraft:wheat_seeds":1,"lightmanscurrency:coin_iron":5,"minecraft:book":12,"minecraft:stick":3,"minecraft:torch":1,"minecraft:acacia_log":1,"minecraft:sand":4,"farmersdelight:tomato_seeds":4,"minecraft:diorite":1,"argentinas_delight:espinacaitem":9,"lightmanscurrency:coin_copper":8,"minecraft:arrow":5,"minecraft:rotten_flesh":6,"biomesoplenty:willow_log":4,"zombie_extreme:rotten_apple":1,"minecraft:cobblestone":40},"minecraft:crafted":{"minecraft:oak_planks":56,"minecraft:cobblestone_slab":12,"minecraft:cooked_porkchop":3,"minecraft:crafting_table":2,"minecraft:wooden_pickaxe":1,"minecraft:cooked_chicken":1,"minecraft:furnace":2,"minecraft:stone_axe":1,"biomesoplenty:willow_planks":16,"minecraft:bread":4,"minecraft:air":0,"minecraft:stick":12,"minecraft:stone_pickaxe":2,"minecraft:stone_sword":2,"minecraft:acacia_planks":4},"minecraft:dropped":{"minecraft:bread":4,"minecraft:cooked_porkchop":1,"minecraft:stone_pickaxe":1},"minecraft:killed_by":{"minecraft:skeleton":1}},"DataVersion":3465}