{"stats":{"minecraft:used":{"minecraft:calcite":4,"minecraft:diorite":2,"minecraft:stone_sword":61,"minecraft:mangrove_planks":1,"minecraft:stone_pickaxe":62,"biomesoplenty:willow_planks":3,"minecraft:oak_planks":48,"minecraft:wooden_pickaxe":17,"minecraft:iron_sword":80,"minecraft:cobblestone_slab":8,"zombie_extreme:rotten_apple":2,"minecraft:cooked_chicken":1,"zombie_extreme:wooden_barricades":1,"minecraft:torch":1,"minecraft:sand":4,"minecraft:crafting_table":3,"minecraft:carrot":2,"minecraft:nether_brick_stairs":1,"farmersdelight:tomato":1,"minecraft:bread":10,"minecraft:iron_pickaxe":8,"minecraft:golden_leggings":1,"minecraft:stone_bricks":3,"minecraft:stone_axe":59,"minecraft:cobblestone":48,"minecraft:furnace":2,"minecraft:cooked_porkchop":2,"minecraft:acacia_planks":3},"minecraft:custom":{"minecraft:interact_with_furnace":5,"lootr:looted_stat":14,"minecraft:mob_kills":23,"minecraft:interact_with_crafting_table":12,"minecraft:time_since_death":4329,"minecraft:climb_one_cm":11030,"minecraft:time_since_rest":4359,"minecraft:sprint_one_cm":75326,"minecraft:damage_taken":2464,"minecraft:walk_one_cm":112320,"minecraft:drop":24,"minecraft:damage_dealt":7405,"minecraft:fly_one_cm":161920,"minecraft:crouch_one_cm":12803,"minecraft:play_time":55867,"minecraft:deaths":5,"minecraft:sneak_time":3191,"minecraft:jump":1209,"minecraft:interact_with_blast_furnace":1,"minecraft:walk_on_water_one_cm":13983,"minecraft:total_world_time":55867,"minecraft:fall_one_cm":24879},"minecraft:killed":{"minecraft:husk":17,"zombie_extreme:infected_hazmat":1,"alexsmobs:seal":1,"zombie_extreme:demolisher":1,"minecraft:skeleton":1,"zombie_extreme:goon":1,"minecraft:chicken":1},"minecraft:picked_up":{"zombie_extreme:wooden_barricades":1,"minecraft:chicken":2,"minecraft:ladder":1,"minecraft:iron_door":1,"minecraft:waxed_copper_block":2,"minecraft:dirt":24,"farmersdelight:tomato":1,"minecraft:string":1,"minecraft:white_banner":1,"minecraft:bone":4,"minecraft:acacia_planks":1,"minecraft:stone_bricks":3,"minecraft:wheat_seeds":2,"minecraft:iron_ingot":1,"minecraft:stone_pickaxe":1,"minecraft:calcite":9,"minecraft:mangrove_planks":7,"lightmanscurrency:coin_iron":29,"minecraft:book":12,"minecraft:stick":3,"minecraft:stripped_mangrove_wood":3,"minecraft:emerald_block":1,"minecraft:torch":1,"minecraft:acacia_log":1,"minecraft:sand":4,"farmersdelight:tomato_seeds":12,"minecraft:carrot":2,"minecraft:nether_brick_slab":3,"minecraft:nether_brick_stairs":1,"minecraft:diorite":3,"argentinas_delight:espinacaitem":21,"minecraft:dark_oak_planks":1,"lightmanscurrency:coin_copper":61,"minecraft:arrow":5,"minecraft:rotten_flesh":19,"biomesoplenty:willow_log":4,"zombie_extreme:rotten_apple":1,"minecraft:emerald":4,"minecraft:cobblestone":41},"minecraft:mined":{"minecraft:dark_oak_planks":1,"minecraft:torch":1,"minecraft:ladder":1,"minecraft:emerald_ore":4,"minecraft:grass_block":1,"minecraft:calcite":9,"minecraft:dead_bush":3,"minecraft:nether_brick_slab":2,"minecraft:cobblestone":10,"farmersdelight:wild_tomatoes":5,"biomesoplenty:willow_log":4,"minecraft:diorite":3,"minecraft:iron_door":1,"minecraft:spawner":2,"minecraft:spruce_stairs":1,"minecraft:black_stained_glass":2,"zombie_extreme:metal_fence":2,"minecraft:waxed_copper_block":2,"minecraft:nether_brick_stairs":1,"minecraft:peony":1,"minecraft:dark_oak_stairs":1,"minecraft:grass":6,"minecraft:bookshelf":4,"minecraft:cobblestone_slab":1,"minecraft:sand":4,"minecraft:dirt":7,"minecraft:stripped_mangrove_wood":3,"minecraft:acacia_planks":1,"minecraft:white_banner":1,"minecraft:stone":37,"minecraft:stone_bricks":3,"minecraft:oak_leaves":1,"minecraft:spruce_slab":1,"minecraft:emerald_block":1},"minecraft:crafted":{"minecraft:oak_planks":56,"minecraft:cobblestone_slab":12,"minecraft:emerald":9,"minecraft:cooked_porkchop":3,"minecraft:crafting_table":3,"minecraft:wooden_pickaxe":1,"minecraft:cooked_chicken":1,"minecraft:iron_sword":1,"minecraft:furnace":2,"minecraft:mangrove_planks":12,"minecraft:stone_axe":1,"biomesoplenty:willow_planks":16,"minecraft:bread":4,"minecraft:air":0,"minecraft:stick":12,"minecraft:iron_pickaxe":1,"minecraft:stone_pickaxe":2,"minecraft:stone_sword":2,"minecraft:acacia_planks":4},"minecraft:dropped":{"farmersdelight:tomato_seeds":12,"minecraft:bread":4,"minecraft:nether_brick_slab":3,"minecraft:wheat_seeds":1,"minecraft:stone_sword":1,"minecraft:cooked_porkchop":1,"minecraft:rotten_flesh":7,"zombie_extreme:cloth":1,"minecraft:mangrove_planks":7,"minecraft:dirt":24,"minecraft:ladder":1,"minecraft:stone_pickaxe":3,"minecraft:calcite":2,"argentinas_delight:espinacaitem":21},"minecraft:killed_by":{"minecraft:skeleton":1}},"DataVersion":3465}