{"stats":{"minecraft:used":{"minecraft:oak_fence":107,"minecraft:stone_sword":61,"minecraft:iron_shovel":380,"createdeco:industrial_iron_door":6,"createdeco:iron_bars_overlay":3,"minecraft:chest":1,"minecraft:spruce_planks":16,"minecraft:shield":54,"minecraft:white_terracotta":6,"minecraft:iron_sword":247,"minecraft:cooked_chicken":1,"zombie_extreme:wooden_barricades":1,"minecraft:oak_door":10,"minecraft:torch":121,"minecraft:dirt":377,"minecraft:cobblestone_wall":83,"minecraft:carrot":17,"minecraft:oak_fence_gate":3,"minecraft:nether_brick_stairs":1,"biomesoplenty:willow_boat":2,"minecraft:glass":20,"farmersdelight:tomato":1,"minecraft:iron_axe":196,"minecraft:oak_stairs":4,"minecraft:stone_bricks":3,"minecraft:furnace":3,"minecraft:acacia_planks":3,"minecraft:calcite":6,"minecraft:golden_boots":1,"zombie_extreme:fireaxe":7,"minecraft:acacia_boat":1,"minecraft:diorite":2,"minecraft:spruce_door":2,"minecraft:oak_planks":188,"minecraft:stone_pickaxe":62,"minecraft:mangrove_planks":1,"biomesoplenty:willow_planks":3,"minecraft:wooden_pickaxe":17,"minecraft:leather_chestplate":1,"zombie_extreme:rotten_apple":2,"minecraft:chainmail_helmet":1,"minecraft:cobblestone_slab":8,"minecraft:stonecutter":1,"minecraft:cookie":2,"minecraft:golden_apple":2,"minecraft:sand":4,"minecraft:crafting_table":8,"minecraft:white_bed":5,"minecraft:shears":243,"minecraft:lever":2,"minecraft:apple":20,"minecraft:bread":24,"minecraft:cyan_bed":5,"minecraft:iron_pickaxe":249,"minecraft:spruce_trapdoor":9,"zombie_extreme:syringe_drug":1,"minecraft:iron_door":2,"minecraft:stone_axe":107,"minecraft:golden_leggings":1,"minecraft:fishing_rod":1,"minecraft:cobblestone":91,"minecraft:cooked_porkchop":2},"minecraft:custom":{"lootr:looted_stat":59,"minecraft:mob_kills":74,"minecraft:interact_with_crafting_table":62,"minecraft:open_barrel":9,"minecraft:leave_game":5,"minecraft:time_since_death":990,"minecraft:climb_one_cm":31522,"minecraft:sprint_one_cm":521406,"minecraft:damage_blocked_by_shield":2610,"minecraft:walk_one_cm":500423,"minecraft:drop":58,"minecraft:talked_to_villager":1,"minecraft:play_time":329993,"minecraft:sneak_time":14708,"minecraft:deaths":18,"minecraft:walk_under_water_one_cm":31556,"minecraft:boat_one_cm":160,"minecraft:jump":5300,"minecraft:interact_with_blast_furnace":1,"minecraft:walk_on_water_one_cm":66867,"minecraft:total_world_time":329993,"minecraft:interact_with_furnace":18,"minecraft:interact_with_stonecutter":1,"minecraft:sleep_in_bed":12,"minecraft:time_since_rest":1021,"minecraft:damage_taken":7164,"minecraft:damage_dealt":18391,"minecraft:swim_one_cm":164207,"minecraft:fly_one_cm":894178,"minecraft:open_chest":14,"minecraft:crouch_one_cm":73390,"minecraft:fall_one_cm":128102,"minecraft:horse_one_cm":6},"minecraft:killed":{"minecraft:witch":1,"minecraft:vindicator":8,"minecraft:spider":3,"zombie_extreme:demolisher":1,"minecraft:skeleton":6,"zombie_extreme:clicker":1,"zombie_extreme:goon":1,"minecraft:chicken":1,"zombie_extreme:parasite":2,"zombie_extreme:runner":2,"alexsmobs:kangaroo":1,"minecraft:husk":17,"zombie_extreme:boomer":2,"zombie_extreme:infected":2,"zombie_extreme:infected_hazmat":1,"alexsmobs:seal":1,"minecraft:creeper":2,"minecraft:pillager":6,"minecraft:zombie":13},"minecraft:broken":{"minecraft:iron_shovel":1,"minecraft:golden_boots":1,"minecraft:shears":1,"minecraft:leather_chestplate":1,"minecraft:shield":1,"minecraft:stone_axe":1,"minecraft:iron_sword":1},"minecraft:mined":{"minecraft:spruce_planks":16,"minecraft:white_bed":3,"minecraft:stripped_mangrove_log":1,"minecraft:oak_door":4,"minecraft:spruce_trapdoor":9,"minecraft:cave_vines_plant":2,"minecraft:lever":2,"minecraft:ladder":1,"minecraft:stripped_crimson_hyphae":4,"minecraft:acacia_log":5,"minecraft:grass_block":247,"zombie_extreme:dead_body":1,"minecraft:spawner":3,"minecraft:oxidized_cut_copper":1,"minecraft:furnace":1,"minecraft:iron_ore":1,"minecraft:fire":1,"zombie_extreme:ore_steel":3,"minecraft:peony":1,"minecraft:nether_brick_stairs":1,"minecraft:dark_oak_stairs":1,"minecraft:bookshelf":4,"minecraft:cave_vines":3,"minecraft:cobblestone_slab":1,"minecraft:oak_stairs":4,"minecraft:stripped_mangrove_wood":3,"minecraft:stone":164,"minecraft:white_banner":1,"minecraft:spruce_slab":1,"zombie_extreme:ore_aluminum":1,"minecraft:oak_slab":2,"minecraft:acacia_leaves":62,"minecraft:oak_fence":2,"minecraft:torch":2,"minecraft:crafting_table":4,"minecraft:emerald_ore":4,"minecraft:calcite":9,"minecraft:oxidized_copper":1,"createdeco:iron_bars_overlay":3,"minecraft:chest":1,"minecraft:dead_bush":5,"minecraft:nether_brick_slab":5,"minecraft:copper_ore":5,"minecraft:tall_grass":34,"minecraft:cobblestone":19,"farmersdelight:wild_tomatoes":5,"minecraft:oak_planks":43,"minecraft:cyan_bed":5,"biomesoplenty:willow_log":4,"minecraft:iron_door":3,"minecraft:diorite":3,"minecraft:prismarine_bricks":1,"minecraft:spruce_stairs":1,"minecraft:white_terracotta":6,"minecraft:black_stained_glass":2,"zombie_extreme:metal_fence":2,"minecraft:cobblestone_wall":8,"minecraft:weathered_cut_copper":1,"minecraft:waxed_copper_block":2,"minecraft:prismarine_brick_stairs":1,"minecraft:grass":52,"minecraft:coal_ore":26,"minecraft:oak_log":80,"minecraft:oak_fence_gate":3,"minecraft:gravel":4,"minecraft:sand":67,"minecraft:dirt":90,"minecraft:cobweb":26,"minecraft:acacia_planks":1,"minecraft:stone_bricks":7,"minecraft:small_dripleaf":1,"minecraft:gold_ore":4,"createdeco:industrial_iron_door":4,"minecraft:oak_leaves":196,"minecraft:emerald_block":1,"minecraft:fern":4,"minecraft:dark_oak_planks":1,"create:zinc_ore":8},"minecraft:picked_up":{"createdeco:iron_bars_overlay":3,"zombie_extreme:wooden_barricades":1,"minecraft:crafting_table":3,"minecraft:wheat":5,"minecraft:chicken":2,"minecraft:ladder":1,"minecraft:oak_stairs":4,"minecraft:crimson_planks":9,"minecraft:stripped_mangrove_log":1,"minecraft:string":29,"minecraft:moss_carpet":2,"minecraft:raw_copper":17,"createdeco:industrial_iron_door":4,"minecraft:spruce_planks":15,"minecraft:calcite":12,"minecraft:chest":1,"minecraft:spruce_trapdoor":8,"minecraft:furnace":1,"zombie_extreme:raw_aluminum":1,"minecraft:stripped_crimson_hyphae":4,"minecraft:stick":12,"minecraft:raw_iron":1,"minecraft:stripped_mangrove_wood":3,"minecraft:oak_door":7,"minecraft:oak_fence":2,"minecraft:torch":7,"minecraft:acacia_log":6,"farmersdelight:tomato_seeds":12,"minecraft:diorite":3,"minecraft:carrot":2,"minecraft:redstone":1,"minecraft:dark_oak_planks":1,"lightmanscurrency:coin_emerald":2,"minecraft:arrow":16,"minecraft:rotten_flesh":25,"minecraft:cooked_cod":2,"zombie_extreme:rotten_apple":1,"sophisticatedbackpacks:copper_backpack":1,"minecraft:white_terracotta":6,"minecraft:cobblestone":189,"zombie_extreme:fireaxe":1,"minecraft:iron_door":3,"minecraft:acacia_leaves":20,"minecraft:leather":1,"minecraft:prismarine_bricks":1,"create:raw_zinc":8,"minecraft:oak_log":78,"minecraft:waxed_copper_block":4,"minecraft:cobblestone_wall":8,"minecraft:gunpowder":2,"minecraft:acacia_boat":1,"farmersdelight:tomato":1,"minecraft:dirt":412,"zombie_extreme:raw_steel":3,"minecraft:white_banner":1,"minecraft:weathered_cut_copper":1,"minecraft:bone":11,"minecraft:acacia_planks":10,"minecraft:apple":12,"minecraft:stone_bricks":3,"minecraft:wheat_seeds":32,"minecraft:raw_gold":4,"minecraft:iron_ingot":1,"minecraft:oak_fence_gate":3,"minecraft:stone_pickaxe":1,"minecraft:moss_block":1,"lightmanscurrency:coin_iron":135,"minecraft:mangrove_planks":7,"minecraft:iron_sword":1,"minecraft:oak_planks":81,"minecraft:book":25,"minecraft:oak_slab":2,"zombie_extreme:syringe_drug":1,"minecraft:emerald_block":1,"minecraft:gravel":3,"minecraft:sand":62,"biomesoplenty:willow_boat":2,"minecraft:nether_brick_stairs":1,"minecraft:white_bed":3,"argentinas_delight:espinacaitem":21,"minecraft:dead_bush":1,"minecraft:nether_brick_slab":3,"minecraft:cyan_bed":5,"minecraft:spider_eye":1,"lightmanscurrency:coin_copper":335,"biomesoplenty:willow_log":4,"minecraft:lever":2,"lightmanscurrency:coin_gold":46,"minecraft:grass":19,"minecraft:bread":2,"minecraft:emerald":10,"minecraft:oak_sapling":17,"minecraft:coal":26,"minecraft:oak_leaves":213},"minecraft:crafted":{"minecraft:oak_door":6,"minecraft:oak_planks":364,"minecraft:cobblestone_slab":12,"createdeco:industrial_iron_ingot":36,"minecraft:cooked_chicken":1,"minecraft:furnace":2,"minecraft:stone":3,"minecraft:lever":2,"minecraft:glass":58,"createdeco:industrial_iron_door":3,"createdeco:iron_bars_overlay":4,"minecraft:iron_axe":1,"minecraft:stone_pickaxe":2,"minecraft:cobblestone_wall":84,"minecraft:chest":1,"minecraft:iron_door":3,"minecraft:oak_fence":105,"minecraft:crimson_planks":16,"minecraft:emerald":9,"minecraft:cooked_porkchop":3,"minecraft:crafting_table":6,"minecraft:spruce_planks":40,"minecraft:wooden_pickaxe":1,"minecraft:iron_sword":2,"minecraft:spruce_door":3,"minecraft:mangrove_planks":16,"minecraft:stone_axe":1,"biomesoplenty:willow_planks":16,"minecraft:bread":10,"minecraft:acacia_boat":2,"minecraft:air":0,"minecraft:oak_fence_gate":2,"minecraft:spruce_trapdoor":8,"minecraft:white_wool":6,"minecraft:golden_apple":2,"minecraft:shield":4,"minecraft:stick":168,"minecraft:iron_pickaxe":1,"minecraft:oak_stairs":4,"minecraft:stone_sword":2,"minecraft:iron_shovel":2,"minecraft:stonecutter":1,"minecraft:white_bed":2,"minecraft:acacia_planks":24,"minecraft:torch":184,"minecraft:shears":2},"minecraft:dropped":{"farmersdelight:tomato_seeds":12,"minecraft:crimson_planks":12,"minecraft:bread":5,"minecraft:iron_sword":1,"minecraft:acacia_boat":2,"minecraft:oak_slab":2,"minecraft:wheat_seeds":30,"minecraft:cooked_porkchop":1,"minecraft:apple":1,"zombie_extreme:cloth":1,"minecraft:mangrove_planks":7,"minecraft:spruce_door":1,"minecraft:flint":1,"minecraft:stick":1,"minecraft:emerald":52,"minecraft:dirt":24,"minecraft:torch":1,"zombie_extreme:baseball_bat":1,"minecraft:cooked_cod":2,"minecraft:nether_brick_slab":3,"minecraft:stone_sword":1,"minecraft:beetroot":8,"minecraft:rotten_flesh":19,"minecraft:oak_planks":1,"lightmanscurrency:coin_gold":10,"minecraft:shield":1,"minecraft:golden_leggings":1,"minecraft:ladder":1,"minecraft:weathered_cut_copper":1,"minecraft:stone_pickaxe":3,"minecraft:calcite":5,"minecraft:oak_leaves":1,"argentinas_delight:espinacaitem":21},"minecraft:killed_by":{"minecraft:skeleton":1,"minecraft:zombie":2}},"DataVersion":3465}