{"stats":{"minecraft:used":{"minecraft:stone_sword":61,"minecraft:white_terracotta":6,"minecraft:iron_sword":114,"minecraft:cooked_chicken":1,"zombie_extreme:wooden_barricades":1,"minecraft:torch":3,"minecraft:carrot":6,"minecraft:nether_brick_stairs":1,"farmersdelight:tomato":1,"minecraft:stone_bricks":3,"minecraft:furnace":2,"minecraft:acacia_planks":3,"minecraft:calcite":6,"minecraft:golden_boots":1,"minecraft:acacia_boat":1,"minecraft:diorite":2,"biomesoplenty:willow_planks":3,"minecraft:mangrove_planks":1,"minecraft:stone_pickaxe":62,"minecraft:oak_planks":48,"minecraft:leather_chestplate":1,"minecraft:wooden_pickaxe":17,"minecraft:chainmail_helmet":1,"zombie_extreme:rotten_apple":2,"minecraft:cobblestone_slab":8,"minecraft:sand":4,"minecraft:crafting_table":5,"minecraft:cyan_bed":3,"minecraft:bread":16,"minecraft:iron_pickaxe":29,"minecraft:golden_leggings":1,"minecraft:stone_axe":65,"minecraft:cobblestone":48,"minecraft:cooked_porkchop":2},"minecraft:custom":{"lootr:looted_stat":32,"minecraft:mob_kills":24,"minecraft:interact_with_crafting_table":16,"minecraft:open_barrel":2,"minecraft:leave_game":1,"minecraft:time_since_death":51024,"minecraft:climb_one_cm":15248,"minecraft:sprint_one_cm":146624,"minecraft:walk_one_cm":172215,"minecraft:drop":34,"minecraft:play_time":102562,"minecraft:deaths":5,"minecraft:sneak_time":3959,"minecraft:walk_under_water_one_cm":6677,"minecraft:boat_one_cm":60,"minecraft:jump":2021,"minecraft:interact_with_blast_furnace":1,"minecraft:walk_on_water_one_cm":34125,"minecraft:total_world_time":102562,"minecraft:interact_with_furnace":6,"minecraft:sleep_in_bed":5,"minecraft:time_since_rest":8080,"minecraft:damage_taken":2627,"minecraft:damage_dealt":7619,"minecraft:swim_one_cm":9661,"minecraft:fly_one_cm":299779,"minecraft:crouch_one_cm":15901,"minecraft:fall_one_cm":47168},"minecraft:killed":{"zombie_extreme:demolisher":1,"minecraft:skeleton":2,"zombie_extreme:goon":1,"minecraft:chicken":1,"minecraft:husk":17,"zombie_extreme:infected_hazmat":1,"alexsmobs:seal":1},"minecraft:picked_up":{"zombie_extreme:wooden_barricades":1,"minecraft:crafting_table":2,"minecraft:wheat":5,"minecraft:chicken":2,"minecraft:ladder":1,"minecraft:stripped_mangrove_log":1,"minecraft:string":25,"minecraft:calcite":12,"minecraft:furnace":1,"minecraft:stick":3,"minecraft:stripped_mangrove_wood":3,"minecraft:torch":1,"minecraft:acacia_log":5,"farmersdelight:tomato_seeds":12,"minecraft:diorite":3,"minecraft:carrot":2,"minecraft:dark_oak_planks":1,"minecraft:arrow":14,"minecraft:rotten_flesh":19,"zombie_extreme:rotten_apple":1,"minecraft:white_terracotta":6,"minecraft:cobblestone":41,"zombie_extreme:fireaxe":1,"minecraft:iron_door":1,"minecraft:waxed_copper_block":2,"minecraft:acacia_boat":1,"farmersdelight:tomato":1,"minecraft:dirt":24,"minecraft:white_banner":1,"minecraft:bone":7,"minecraft:acacia_planks":10,"minecraft:stone_bricks":3,"minecraft:wheat_seeds":2,"minecraft:stone_pickaxe":1,"minecraft:iron_ingot":1,"minecraft:mangrove_planks":7,"lightmanscurrency:coin_iron":32,"minecraft:oak_planks":1,"minecraft:book":12,"zombie_extreme:syringe_drug":1,"minecraft:emerald_block":1,"minecraft:sand":4,"minecraft:nether_brick_stairs":1,"argentinas_delight:espinacaitem":21,"minecraft:nether_brick_slab":3,"minecraft:cyan_bed":4,"lightmanscurrency:coin_copper":79,"biomesoplenty:willow_log":4,"minecraft:emerald":4,"minecraft:bread":2},"minecraft:mined":{"minecraft:dark_oak_planks":1,"minecraft:stripped_mangrove_log":1,"minecraft:ladder":1,"minecraft:acacia_log":4,"minecraft:grass_block":1,"zombie_extreme:dead_body":1,"minecraft:spawner":2,"minecraft:furnace":1,"minecraft:peony":1,"minecraft:nether_brick_stairs":1,"minecraft:dark_oak_stairs":1,"minecraft:bookshelf":4,"minecraft:cobblestone_slab":1,"minecraft:white_banner":1,"minecraft:stone":37,"minecraft:stripped_mangrove_wood":3,"minecraft:spruce_slab":1,"minecraft:crafting_table":2,"minecraft:torch":1,"minecraft:emerald_ore":4,"minecraft:calcite":9,"minecraft:dead_bush":3,"minecraft:nether_brick_slab":5,"minecraft:tall_grass":1,"minecraft:cobblestone":10,"minecraft:cyan_bed":4,"farmersdelight:wild_tomatoes":5,"biomesoplenty:willow_log":4,"minecraft:diorite":3,"minecraft:iron_door":1,"minecraft:spruce_stairs":1,"minecraft:white_terracotta":6,"minecraft:black_stained_glass":2,"zombie_extreme:metal_fence":2,"minecraft:waxed_copper_block":2,"minecraft:grass":9,"minecraft:gravel":1,"minecraft:sand":8,"minecraft:dirt":7,"minecraft:cobweb":24,"minecraft:acacia_planks":1,"minecraft:stone_bricks":7,"minecraft:oak_leaves":1,"minecraft:emerald_block":1},"minecraft:crafted":{"minecraft:oak_planks":56,"minecraft:cobblestone_slab":12,"minecraft:cooked_chicken":1,"minecraft:furnace":2,"minecraft:stone_pickaxe":2,"minecraft:emerald":9,"minecraft:cooked_porkchop":3,"minecraft:crafting_table":4,"minecraft:wooden_pickaxe":1,"minecraft:iron_sword":1,"minecraft:mangrove_planks":16,"biomesoplenty:willow_planks":16,"minecraft:stone_axe":1,"minecraft:bread":4,"minecraft:acacia_boat":2,"minecraft:air":0,"minecraft:shield":2,"minecraft:stick":12,"minecraft:iron_pickaxe":1,"minecraft:stone_sword":2,"minecraft:acacia_planks":20,"minecraft:torch":4},"minecraft:dropped":{"farmersdelight:tomato_seeds":12,"minecraft:bread":4,"minecraft:acacia_boat":2,"minecraft:wheat_seeds":2,"minecraft:cooked_porkchop":1,"zombie_extreme:cloth":1,"minecraft:mangrove_planks":7,"minecraft:stick":1,"minecraft:flint":1,"minecraft:dirt":24,"zombie_extreme:baseball_bat":1,"minecraft:nether_brick_slab":3,"minecraft:stone_sword":1,"minecraft:rotten_flesh":19,"minecraft:oak_planks":1,"minecraft:golden_leggings":1,"minecraft:ladder":1,"minecraft:stone_pickaxe":3,"minecraft:calcite":5,"argentinas_delight:espinacaitem":21},"minecraft:killed_by":{"minecraft:skeleton":1}},"DataVersion":3465}