{"stats":{"minecraft:used":{"farmersdelight:tomato":1,"minecraft:stone_pickaxe":30,"biomesoplenty:willow_planks":3,"minecraft:wooden_pickaxe":17,"zombie_extreme:rotten_apple":2,"minecraft:cobblestone_slab":8,"zombie_extreme:wooden_barricades":1,"minecraft:stone_axe":40,"minecraft:crafting_table":1,"minecraft:furnace":1},"minecraft:custom":{"minecraft:time_since_rest":19383,"lootr:looted_stat":3,"minecraft:interact_with_furnace":1,"minecraft:sprint_one_cm":52017,"minecraft:damage_taken":964,"minecraft:walk_one_cm":58986,"minecraft:mob_kills":4,"minecraft:drop":1,"minecraft:damage_dealt":1308,"minecraft:interact_with_crafting_table":7,"minecraft:fly_one_cm":157795,"minecraft:crouch_one_cm":3261,"minecraft:play_time":31867,"minecraft:deaths":3,"minecraft:sneak_time":746,"minecraft:jump":974,"minecraft:time_since_death":19351,"minecraft:climb_one_cm":1945,"minecraft:total_world_time":31867,"minecraft:fall_one_cm":22786},"minecraft:killed":{"zombie_extreme:goon":1,"minecraft:chicken":1,"alexsmobs:seal":1,"zombie_extreme:demolisher":1},"minecraft:mined":{"zombie_extreme:metal_fence":2,"minecraft:grass":6,"minecraft:cobblestone_slab":1,"minecraft:grass_block":1,"minecraft:dead_bush":3,"minecraft:sand":4,"minecraft:dirt":5,"farmersdelight:wild_tomatoes":5,"minecraft:stone_bricks":3,"minecraft:stone":37,"biomesoplenty:willow_log":4,"minecraft:oak_leaves":1,"minecraft:iron_door":1},"minecraft:picked_up":{"minecraft:stick":3,"zombie_extreme:wooden_barricades":1,"minecraft:chicken":1,"minecraft:iron_door":1,"minecraft:acacia_log":1,"minecraft:sand":4,"farmersdelight:tomato_seeds":4,"argentinas_delight:espinacaitem":9,"farmersdelight:tomato":1,"minecraft:dirt":9,"minecraft:arrow":4,"minecraft:bone":1,"minecraft:rotten_flesh":1,"biomesoplenty:willow_log":4,"minecraft:stone_bricks":3,"minecraft:wheat_seeds":1,"zombie_extreme:rotten_apple":1,"minecraft:cobblestone":34},"minecraft:crafted":{"minecraft:cobblestone_slab":12,"minecraft:crafting_table":1,"minecraft:stick":12,"minecraft:wooden_pickaxe":1,"minecraft:stone_pickaxe":2,"minecraft:stone_sword":1,"minecraft:furnace":1,"minecraft:acacia_planks":4,"biomesoplenty:willow_planks":16,"minecraft:stone_axe":1},"minecraft:dropped":{"minecraft:stone_pickaxe":1},"minecraft:killed_by":{"minecraft:skeleton":1}},"DataVersion":3465}