{"stats":{"minecraft:broken":{"minecraft:stone_pickaxe":2,"minecraft:iron_pickaxe":1},"minecraft:crafted":{"minecraft:oak_planks":44,"minecraft:stone_shovel":1,"zombie_extreme:ignotsteel":13,"minecraft:furnace":3,"minecraft:cooked_mutton":6,"minecraft:bow":1,"minecraft:stone_pickaxe":3,"minecraft:chest":6,"minecraft:cooked_beef":16,"sophisticatedbackpacks:backpack":2,"minecraft:crafting_table":9,"minecraft:wooden_pickaxe":1,"minecraft:birch_planks":104,"zombie_extreme:combat_armor_boots":1,"biomesoplenty:willow_planks":24,"minecraft:stone_axe":1,"minecraft:air":0,"minecraft:iron_chestplate":1,"minecraft:stick":40,"minecraft:iron_pickaxe":1,"minecraft:iron_ingot":13,"minecraft:wooden_axe":1,"minecraft:stone_sword":1,"minecraft:white_bed":1,"minecraft:torch":84},"minecraft:mined":{"minecraft:grass_block":3,"zombie_extreme:deepslate_lead":5,"zombie_extreme:deepslate_thorium":3,"minecraft:spawner":1,"minecraft:furnace":8,"minecraft:iron_ore":4,"zombie_extreme:ore_steel":7,"minecraft:deepslate_lapis_ore":1,"minecraft:brown_bed":1,"biomesoplenty:high_grass":3,"zombie_extreme:deepslate_tin":10,"minecraft:deepslate_iron_ore":13,"minecraft:stone":368,"zombie_extreme:deepslate_aluminum":1,"minecraft:deepslate_redstone_ore":3,"minecraft:crafting_table":4,"minecraft:torch":3,"biomesoplenty:high_grass_plant":10,"minecraft:tall_grass":2,"minecraft:copper_ore":1,"minecraft:cobblestone":14,"minecraft:deepslate_gold_ore":14,"biomesoplenty:willow_log":6,"minecraft:wall_torch":2,"supplementaries:urn":14,"zombie_extreme:deepslate_ruby":4,"zombie_extreme:thorium_ore":4,"minecraft:birch_log":25,"minecraft:tnt":3,"minecraft:black_bed":1,"zombie_extreme:deepslate_steel":20,"minecraft:grass":8,"minecraft:oak_log":6,"minecraft:coal_ore":87,"minecraft:dirt":24,"minecraft:stone_bricks":2,"minecraft:oak_leaves":1,"minecraft:deepslate":52,"minecraft:fern":2},"minecraft:killed":{"minecraft:spider":3,"zombie_extreme:divided":1,"minecraft:skeleton":5,"zombie_extreme:infected":1,"minecraft:creeper":1,"minecraft:sheep":4,"alexsmobs:catfish":1,"zombie_extreme:devestated":2,"minecraft:zombie":18,"minecraft:cow":8},"minecraft:picked_up":{"minecraft:wooden_axe":1,"minecraft:crafting_table":5,"minecraft:wooden_pickaxe":1,"zombie_extreme:raw_tin":10,"minecraft:brown_bed":1,"minecraft:string":2,"minecraft:raw_copper":5,"minecraft:cobbled_deepslate":49,"minecraft:beef":24,"minecraft:iron_nugget":11,"minecraft:birch_sapling":7,"minecraft:furnace":10,"zombie_extreme:ruby":4,"minecraft:golden_helmet":1,"zombie_extreme:raw_aluminum":1,"minecraft:stick":4,"minecraft:raw_iron":20,"minecraft:torch":34,"sophisticatedbackpacks:backpack":1,"zombie_extreme:dog_food":1,"minecraft:tnt":3,"minecraft:arrow":5,"minecraft:rotten_flesh":12,"supplementaries:ash":14,"zombie_extreme:butcher_knife":1,"minecraft:mutton":6,"minecraft:white_wool":4,"minecraft:cobblestone":379,"minecraft:birch_log":26,"minecraft:cooked_beef":3,"minecraft:black_bed":1,"minecraft:leather":10,"minecraft:oak_log":6,"supplementaries:flax_seeds":2,"minecraft:lapis_lazuli":8,"minecraft:dirt":27,"zombie_extreme:raw_steel":31,"zombie_extreme:raw_lead":5,"minecraft:bone":10,"minecraft:stone_bricks":2,"minecraft:raw_gold":22,"lightmanscurrency:coin_iron":26,"minecraft:oak_planks":1,"minecraft:cooked_porkchop":2,"minecraft:stone_brick_slab":1,"minecraft:spider_eye":1,"lightmanscurrency:coin_copper":69,"biomesoplenty:willow_log":6,"minecraft:bone_meal":4,"zombie_extreme:raw_thorium":6,"minecraft:emerald":5,"minecraft:bread":2,"argentinas_delight:cuernodetoro":10,"minecraft:oak_sapling":3,"minecraft:coal":112},"minecraft:custom":{"lootr:looted_stat":10,"minecraft:mob_kills":46,"minecraft:interact_with_crafting_table":31,"minecraft:open_barrel":2,"minecraft:leave_game":1,"minecraft:time_since_death":92415,"minecraft:climb_one_cm":4937,"minecraft:sprint_one_cm":162750,"minecraft:walk_one_cm":220800,"minecraft:drop":52,"minecraft:play_time":99703,"minecraft:deaths":2,"minecraft:sneak_time":5526,"minecraft:walk_under_water_one_cm":5525,"minecraft:jump":1452,"minecraft:interact_with_blast_furnace":1,"minecraft:walk_on_water_one_cm":10709,"minecraft:total_world_time":99703,"minecraft:interact_with_furnace":57,"minecraft:sleep_in_bed":1,"minecraft:time_since_rest":78450,"minecraft:damage_taken":2538,"minecraft:damage_dealt":6481,"minecraft:swim_one_cm":13643,"minecraft:fly_one_cm":274138,"minecraft:player_kills":1,"minecraft:open_chest":2,"minecraft:crouch_one_cm":12753,"minecraft:fall_one_cm":40796},"minecraft:dropped":{"minecraft:bread":2,"minecraft:lapis_lazuli":4,"minecraft:golden_helmet":1,"minecraft:cooked_beef":3,"minecraft:crafting_table":1,"minecraft:book":1,"minecraft:coal":3,"minecraft:stick":3,"minecraft:dirt":1,"minecraft:wooden_axe":2,"minecraft:string":4,"minecraft:bone":1,"zombie_extreme:raw_aluminum":1,"zombie_extreme:dog_food":1,"minecraft:stone_sword":1,"minecraft:cobbled_deepslate":10,"minecraft:raw_copper":5,"minecraft:birch_sapling":2,"farmersdelight:cabbage_seeds":2,"minecraft:rotten_flesh":12,"sophisticatedbackpacks:backpack":1,"argentinas_delight:cuernodetoro":5,"supplementaries:flax_seeds":2,"supplementaries:ash":14,"minecraft:gunpowder":3,"minecraft:oak_sapling":3,"minecraft:spider_eye":1,"minecraft:wooden_pickaxe":2},"minecraft:used":{"zombie_extreme:butcher_knife":100,"minecraft:stone_sword":45,"minecraft:stone_shovel":22,"minecraft:chest":4,"minecraft:iron_chestplate":1,"minecraft:torch":91,"minecraft:dirt":12,"zombie_extreme:combat_armor_boots":1,"minecraft:wooden_axe":11,"minecraft:bow":23,"minecraft:furnace":13,"minecraft:cooked_beef":16,"minecraft:cobbled_deepslate":1,"minecraft:cooked_mutton":6,"minecraft:stone_pickaxe":386,"minecraft:wooden_pickaxe":13,"minecraft:crafting_table":13,"minecraft:white_bed":1,"minecraft:black_bed":1,"sophisticatedbackpacks:backpack":2,"minecraft:bread":5,"minecraft:iron_pickaxe":249,"minecraft:stone_axe":29,"minecraft:cobblestone":110,"minecraft:cooked_porkchop":2}},"DataVersion":3465}