{"stats":{"minecraft:broken":{"minecraft:stone_pickaxe":3,"minecraft:iron_pickaxe":1},"minecraft:crafted":{"minecraft:oak_planks":44,"minecraft:stone_shovel":1,"zombie_extreme:ignot_thorium":6,"zombie_extreme:ignotsteel":16,"minecraft:furnace":4,"minecraft:cooked_mutton":15,"minecraft:bow":1,"minecraft:stone_pickaxe":3,"minecraft:chest":6,"minecraft:cooked_beef":16,"zombie_extreme:ignot_tin":7,"sophisticatedbackpacks:backpack":2,"minecraft:crafting_table":9,"minecraft:wooden_pickaxe":1,"zombie_extreme:steel_plate":2,"minecraft:birch_planks":104,"zombie_extreme:combat_armor_boots":1,"biomesoplenty:willow_planks":24,"minecraft:stone_axe":1,"minecraft:air":0,"zombie_extreme:combat_armor_leggings":1,"minecraft:iron_chestplate":1,"minecraft:stick":44,"minecraft:iron_pickaxe":2,"minecraft:iron_ingot":19,"minecraft:wooden_axe":1,"minecraft:stone_sword":1,"minecraft:white_bed":1,"minecraft:torch":84},"minecraft:mined":{"minecraft:grass_block":3,"zombie_extreme:deepslate_lead":5,"zombie_extreme:deepslate_thorium":3,"minecraft:spawner":1,"minecraft:furnace":9,"minecraft:iron_ore":4,"zombie_extreme:ore_steel":7,"minecraft:deepslate_lapis_ore":1,"minecraft:brown_bed":2,"biomesoplenty:high_grass":3,"zombie_extreme:deepslate_tin":10,"minecraft:deepslate_iron_ore":13,"minecraft:bamboo":2,"sophisticatedbackpacks:backpack":2,"minecraft:stone":511,"zombie_extreme:deepslate_aluminum":1,"minecraft:deepslate_redstone_ore":3,"minecraft:basalt":1,"minecraft:crafting_table":5,"minecraft:torch":6,"biomesoplenty:high_grass_plant":10,"minecraft:nether_quartz_ore":6,"minecraft:tall_grass":4,"minecraft:copper_ore":6,"minecraft:cobblestone":20,"minecraft:deepslate_gold_ore":14,"biomesoplenty:willow_log":6,"minecraft:wall_torch":2,"supplementaries:urn":14,"zombie_extreme:deepslate_ruby":4,"zombie_extreme:thorium_ore":4,"minecraft:birch_log":25,"minecraft:tnt":3,"minecraft:black_bed":2,"zombie_extreme:deepslate_steel":20,"minecraft:grass":13,"minecraft:oak_log":6,"minecraft:coal_ore":135,"minecraft:end_rod":1,"minecraft:gravel":10,"minecraft:dirt":29,"minecraft:stone_bricks":2,"minecraft:netherrack":28,"minecraft:oak_leaves":1,"minecraft:deepslate":52,"minecraft:fern":2},"minecraft:killed":{"minecraft:vindicator":2,"minecraft:spider":3,"minecraft:phantom":1,"zombie_extreme:divided":1,"minecraft:skeleton":6,"zombie_extreme:revived":1,"zombie_extreme:infected":2,"polly_pets:ferret":1,"minecraft:creeper":4,"minecraft:sheep":10,"alexsmobs:catfish":1,"minecraft:pillager":3,"zombie_extreme:devestated":2,"minecraft:zombie":19,"zombie_extreme:assasin_black_ops":2,"minecraft:cow":8},"minecraft:picked_up":{"minecraft:wooden_axe":1,"minecraft:crafting_table":6,"minecraft:wooden_pickaxe":1,"zombie_extreme:raw_tin":10,"minecraft:brown_bed":2,"minecraft:string":2,"minecraft:raw_copper":20,"minecraft:cobbled_deepslate":49,"minecraft:beef":24,"minecraft:iron_nugget":11,"minecraft:birch_sapling":7,"minecraft:furnace":11,"zombie_extreme:ruby":4,"minecraft:golden_helmet":1,"zombie_extreme:raw_aluminum":1,"minecraft:stick":4,"minecraft:raw_iron":20,"minecraft:torch":38,"sophisticatedbackpacks:backpack":3,"zombie_extreme:dog_food":1,"lightmanscurrency:coin_emerald":2,"minecraft:tnt":3,"minecraft:arrow":9,"minecraft:rotten_flesh":15,"minecraft:end_rod":1,"supplementaries:ash":14,"zombie_extreme:butcher_knife":1,"minecraft:mutton":15,"minecraft:white_wool":10,"minecraft:cobblestone":529,"minecraft:birch_log":26,"minecraft:basalt":1,"minecraft:cooked_beef":3,"minecraft:black_bed":2,"minecraft:leather":10,"minecraft:flint":3,"minecraft:oak_log":6,"supplementaries:flax_seeds":2,"minecraft:gunpowder":1,"minecraft:lapis_lazuli":8,"minecraft:dirt":32,"zombie_extreme:raw_steel":31,"zombie_extreme:raw_lead":5,"minecraft:bone":10,"minecraft:stone_bricks":2,"minecraft:bow":1,"minecraft:raw_gold":22,"minecraft:bamboo":23,"lightmanscurrency:coin_iron":43,"minecraft:oak_planks":1,"minecraft:cooked_porkchop":2,"minecraft:stone_brick_slab":1,"minecraft:quartz":6,"minecraft:gravel":11,"minecraft:spider_eye":1,"lightmanscurrency:coin_copper":120,"biomesoplenty:willow_log":6,"lightmanscurrency:coin_gold":3,"minecraft:bone_meal":4,"zombie_extreme:raw_thorium":6,"minecraft:emerald":6,"minecraft:bread":2,"argentinas_delight:cuernodetoro":10,"minecraft:oak_sapling":3,"minecraft:netherrack":28,"minecraft:coal":219},"minecraft:custom":{"lootr:looted_stat":18,"minecraft:mob_kills":68,"minecraft:interact_with_crafting_table":38,"minecraft:open_barrel":2,"minecraft:leave_game":2,"minecraft:time_since_death":11922,"minecraft:climb_one_cm":17255,"minecraft:sprint_one_cm":279414,"minecraft:walk_one_cm":370753,"minecraft:drop":54,"minecraft:play_time":133041,"minecraft:deaths":4,"minecraft:sneak_time":7677,"minecraft:walk_under_water_one_cm":5525,"minecraft:jump":2189,"minecraft:interact_with_blast_furnace":1,"minecraft:walk_on_water_one_cm":10709,"minecraft:total_world_time":133041,"minecraft:interact_with_furnace":85,"minecraft:interact_with_loom":1,"minecraft:sleep_in_bed":2,"minecraft:time_since_rest":11611,"minecraft:damage_taken":3585,"minecraft:damage_dealt":10225,"minecraft:swim_one_cm":13643,"minecraft:fly_one_cm":404591,"minecraft:player_kills":1,"minecraft:open_chest":22,"minecraft:crouch_one_cm":18528,"minecraft:fall_one_cm":58276},"minecraft:dropped":{"minecraft:bread":2,"minecraft:lapis_lazuli":4,"minecraft:golden_helmet":1,"minecraft:cooked_beef":3,"minecraft:crafting_table":1,"minecraft:book":1,"minecraft:coal":3,"minecraft:end_rod":1,"minecraft:stick":5,"minecraft:dirt":1,"minecraft:wooden_axe":2,"minecraft:string":4,"minecraft:bone":1,"zombie_extreme:raw_aluminum":1,"zombie_extreme:dog_food":1,"minecraft:stone_sword":1,"minecraft:cobbled_deepslate":10,"minecraft:raw_copper":5,"minecraft:birch_sapling":2,"farmersdelight:cabbage_seeds":2,"minecraft:rotten_flesh":12,"sophisticatedbackpacks:backpack":1,"argentinas_delight:cuernodetoro":5,"supplementaries:flax_seeds":2,"supplementaries:ash":14,"minecraft:gunpowder":3,"minecraft:oak_sapling":3,"minecraft:spider_eye":1,"minecraft:wooden_pickaxe":2},"minecraft:used":{"zombie_extreme:butcher_knife":178,"minecraft:stone_sword":45,"minecraft:stone_shovel":36,"minecraft:chest":4,"minecraft:rotten_flesh":3,"minecraft:iron_chestplate":1,"minecraft:torch":109,"minecraft:dirt":12,"zombie_extreme:combat_armor_boots":1,"minecraft:wooden_axe":11,"minecraft:bow":30,"minecraft:furnace":14,"minecraft:cooked_beef":16,"minecraft:cobbled_deepslate":1,"minecraft:brown_bed":1,"minecraft:cooked_mutton":15,"minecraft:stone_pickaxe":393,"minecraft:wooden_pickaxe":13,"minecraft:crafting_table":13,"minecraft:white_bed":1,"minecraft:black_bed":2,"sophisticatedbackpacks:backpack":2,"minecraft:bread":5,"minecraft:iron_pickaxe":484,"minecraft:stone_axe":30,"minecraft:cobblestone":146,"minecraft:cooked_porkchop":2}},"DataVersion":3465}